<?xml version="1.0" encoding ="UTF-8"?><link:linkbase xmlns:xsi="http://www.w3.org/2001/XMLSchema-instance" xsi:schemaLocation="http://www.xbrl.org/2003/linkbase http://www.xbrl.org/2003/xbrl-linkbase-2003-12-31.xsd" xmlns:link="http://www.xbrl.org/2003/linkbase" xmlns:xbrli="http://www.xbrl.org/2003/instance" xmlns:xlink="http://www.w3.org/1999/xlink" xmlns:xbrldt="http://xbrl.org/2005/xbrldt"><link:roleRef roleURI="http://xbrl.lundbeck.com/role/IncomeStatement" xlink:type="simple" xlink:href="HLUNDBECK-2021-12-31.xsd#IncomeStatement"/><link:roleRef roleURI="http://xbrl.lundbeck.com/role/ComprehensiveIncome" xlink:type="simple" xlink:href="HLUNDBECK-2021-12-31.xsd#ComprehensiveIncome"/><link:roleRef roleURI="http://xbrl.lundbeck.com/role/FinancialPosition" xlink:type="simple" xlink:href="HLUNDBECK-2021-12-31.xsd#FinancialPosition"/><link:roleRef roleURI="http://xbrl.lundbeck.com/role/ChangesinEquity" xlink:type="simple" xlink:href="HLUNDBECK-2021-12-31.xsd#ChangesinEquity"/><link:roleRef roleURI="http://xbrl.lundbeck.com/role/CashFlow" xlink:type="simple" xlink:href="HLUNDBECK-2021-12-31.xsd#CashFlow"/><link:calculationLink xlink:type="extended" xlink:role="http://xbrl.lundbeck.com/role/IncomeStatement"><link:loc xlink:type="locator" xlink:href="http://xbrl.ifrs.org/taxonomy/2020-03-16/full_ifrs/full_ifrs-cor_2020-03-16.xsd#ifrs-full_GrossProfit" xlink:label="GrossProfit" xlink:title="GrossProfit"/><link:loc xlink:type="locator" xlink:href="http://xbrl.ifrs.org/taxonomy/2020-03-16/full_ifrs/full_ifrs-cor_2020-03-16.xsd#ifrs-full_Revenue" xlink:label="Revenue" xlink:title="Revenue"/><link:calculationArc xlink:type="arc" xlink:arcrole="http://www.xbrl.org/2003/arcrole/summation-item" xlink:from="GrossProfit" xlink:to="Revenue" xlink:title="Calculation: GrossProfit to Revenue" order="1.0" weight="1"/><link:loc xlink:type="locator" xlink:href="http://xbrl.ifrs.org/taxonomy/2020-03-16/full_ifrs/full_ifrs-cor_2020-03-16.xsd#ifrs-full_CostOfSales" xlink:label="CostOfSales" xlink:title="CostOfSales"/><link:calculationArc xlink:type="arc" xlink:arcrole="http://www.xbrl.org/2003/arcrole/summation-item" xlink:from="GrossProfit" xlink:to="CostOfSales" xlink:title="Calculation: GrossProfit to CostOfSales" order="2.0" weight="-1"/><link:loc xlink:type="locator" xlink:href="http://xbrl.ifrs.org/taxonomy/2020-03-16/full_ifrs/full_ifrs-cor_2020-03-16.xsd#ifrs-full_ProfitLossFromOperatingActivities" xlink:label="ProfitLossFromOperatingActivities" xlink:title="ProfitLossFromOperatingActivities"/><link:calculationArc xlink:type="arc" xlink:arcrole="http://www.xbrl.org/2003/arcrole/summation-item" xlink:from="ProfitLossFromOperatingActivities" xlink:to="GrossProfit" xlink:title="Calculation: ProfitLossFromOperatingActivities to GrossProfit" order="1.0" weight="1"/><link:loc xlink:type="locator" xlink:href="HLUNDBECK-2021-12-31.xsd#HLU_SellingExpenseAndDistributionCosts" xlink:label="SellingExpenseAndDistributionCosts" xlink:title="SellingExpenseAndDistributionCosts"/><link:calculationArc xlink:type="arc" xlink:arcrole="http://www.xbrl.org/2003/arcrole/summation-item" xlink:from="ProfitLossFromOperatingActivities" xlink:to="SellingExpenseAndDistributionCosts" xlink:title="Calculation: ProfitLossFromOperatingActivities to SellingExpenseAndDistributionCosts" order="2.0" weight="-1"/><link:loc xlink:type="locator" xlink:href="http://xbrl.ifrs.org/taxonomy/2020-03-16/full_ifrs/full_ifrs-cor_2020-03-16.xsd#ifrs-full_AdministrativeExpense" xlink:label="AdministrativeExpense" xlink:title="AdministrativeExpense"/><link:calculationArc xlink:type="arc" xlink:arcrole="http://www.xbrl.org/2003/arcrole/summation-item" xlink:from="ProfitLossFromOperatingActivities" xlink:to="AdministrativeExpense" xlink:title="Calculation: ProfitLossFromOperatingActivities to AdministrativeExpense" order="3.0" weight="-1"/><link:loc xlink:type="locator" xlink:href="http://xbrl.ifrs.org/taxonomy/2020-03-16/full_ifrs/full_ifrs-cor_2020-03-16.xsd#ifrs-full_ResearchAndDevelopmentExpense" xlink:label="ResearchAndDevelopmentExpense" xlink:title="ResearchAndDevelopmentExpense"/><link:calculationArc xlink:type="arc" xlink:arcrole="http://www.xbrl.org/2003/arcrole/summation-item" xlink:from="ProfitLossFromOperatingActivities" xlink:to="ResearchAndDevelopmentExpense" xlink:title="Calculation: ProfitLossFromOperatingActivities to ResearchAndDevelopmentExpense" order="4.0" weight="-1"/><link:loc xlink:type="locator" xlink:href="http://xbrl.ifrs.org/taxonomy/2020-03-16/full_ifrs/full_ifrs-cor_2020-03-16.xsd#ifrs-full_OtherOperatingIncomeExpense" xlink:label="OtherOperatingIncomeExpense" xlink:title="OtherOperatingIncomeExpense"/><link:calculationArc xlink:type="arc" xlink:arcrole="http://www.xbrl.org/2003/arcrole/summation-item" xlink:from="ProfitLossFromOperatingActivities" xlink:to="OtherOperatingIncomeExpense" xlink:title="Calculation: ProfitLossFromOperatingActivities to OtherOperatingIncomeExpense" order="5.0" weight="1"/><link:loc xlink:type="locator" xlink:href="http://xbrl.ifrs.org/taxonomy/2020-03-16/full_ifrs/full_ifrs-cor_2020-03-16.xsd#ifrs-full_ProfitLossBeforeTax" xlink:label="ProfitLossBeforeTax" xlink:title="ProfitLossBeforeTax"/><link:calculationArc xlink:type="arc" xlink:arcrole="http://www.xbrl.org/2003/arcrole/summation-item" xlink:from="ProfitLossBeforeTax" xlink:to="ProfitLossFromOperatingActivities" xlink:title="Calculation: ProfitLossBeforeTax to ProfitLossFromOperatingActivities" order="1.0" weight="1"/><link:loc xlink:type="locator" xlink:href="http://xbrl.ifrs.org/taxonomy/2020-03-16/full_ifrs/full_ifrs-cor_2020-03-16.xsd#ifrs-full_FinanceIncome" xlink:label="FinanceIncome" xlink:title="FinanceIncome"/><link:calculationArc xlink:type="arc" xlink:arcrole="http://www.xbrl.org/2003/arcrole/summation-item" xlink:from="ProfitLossBeforeTax" xlink:to="FinanceIncome" xlink:title="Calculation: ProfitLossBeforeTax to FinanceIncome" order="2.0" weight="1"/><link:loc xlink:type="locator" xlink:href="http://xbrl.ifrs.org/taxonomy/2020-03-16/full_ifrs/full_ifrs-cor_2020-03-16.xsd#ifrs-full_FinanceCosts" xlink:label="FinanceCosts" xlink:title="FinanceCosts"/><link:calculationArc xlink:type="arc" xlink:arcrole="http://www.xbrl.org/2003/arcrole/summation-item" xlink:from="ProfitLossBeforeTax" xlink:to="FinanceCosts" xlink:title="Calculation: ProfitLossBeforeTax to FinanceCosts" order="3.0" weight="-1"/><link:loc xlink:type="locator" xlink:href="http://xbrl.ifrs.org/taxonomy/2020-03-16/full_ifrs/full_ifrs-cor_2020-03-16.xsd#ifrs-full_ProfitLoss" xlink:label="ProfitLoss" xlink:title="ProfitLoss"/><link:calculationArc xlink:type="arc" xlink:arcrole="http://www.xbrl.org/2003/arcrole/summation-item" xlink:from="ProfitLoss" xlink:to="ProfitLossBeforeTax" xlink:title="Calculation: ProfitLoss to ProfitLossBeforeTax" order="1.0" weight="1"/><link:loc xlink:type="locator" xlink:href="http://xbrl.ifrs.org/taxonomy/2020-03-16/full_ifrs/full_ifrs-cor_2020-03-16.xsd#ifrs-full_IncomeTaxExpenseContinuingOperations" xlink:label="IncomeTaxExpenseContinuingOperations" xlink:title="IncomeTaxExpenseContinuingOperations"/><link:calculationArc xlink:type="arc" xlink:arcrole="http://www.xbrl.org/2003/arcrole/summation-item" xlink:from="ProfitLoss" xlink:to="IncomeTaxExpenseContinuingOperations" xlink:title="Calculation: ProfitLoss to IncomeTaxExpenseContinuingOperations" order="2.0" weight="-1"/></link:calculationLink><link:calculationLink xlink:type="extended" xlink:role="http://xbrl.lundbeck.com/role/ComprehensiveIncome"><link:loc xlink:type="locator" xlink:href="http://xbrl.ifrs.org/taxonomy/2020-03-16/full_ifrs/full_ifrs-cor_2020-03-16.xsd#ifrs-full_OtherComprehensiveIncomeThatWillNotBeReclassifiedToProfitOrLossNetOfTax" xlink:label="OtherComprehensiveIncomeThatWillNotBeReclassifiedToProfitOrLossNetOfTax" xlink:title="OtherComprehensiveIncomeThatWillNotBeReclassifiedToProfitOrLossNetOfTax"/><link:loc xlink:type="locator" xlink:href="http://xbrl.ifrs.org/taxonomy/2020-03-16/full_ifrs/full_ifrs-cor_2020-03-16.xsd#ifrs-full_OtherComprehensiveIncomeBeforeTaxGainsLossesOnRemeasurementsOfDefinedBenefitPlans" xlink:label="OtherComprehensiveIncomeBeforeTaxGainsLossesOnRemeasurementsOfDefinedBenefitPlans" xlink:title="OtherComprehensiveIncomeBeforeTaxGainsLossesOnRemeasurementsOfDefinedBenefitPlans"/><link:calculationArc xlink:type="arc" xlink:arcrole="http://www.xbrl.org/2003/arcrole/summation-item" xlink:from="OtherComprehensiveIncomeThatWillNotBeReclassifiedToProfitOrLossNetOfTax" xlink:to="OtherComprehensiveIncomeBeforeTaxGainsLossesOnRemeasurementsOfDefinedBenefitPlans" xlink:title="Calculation: OtherComprehensiveIncomeThatWillNotBeReclassifiedToProfitOrLossNetOfTax to OtherComprehensiveIncomeBeforeTaxGainsLossesOnRemeasurementsOfDefinedBenefitPlans" order="1.0" weight="1"/><link:loc xlink:type="locator" xlink:href="http://xbrl.ifrs.org/taxonomy/2020-03-16/full_ifrs/full_ifrs-cor_2020-03-16.xsd#ifrs-full_IncomeTaxRelatingToComponentsOfOtherComprehensiveIncomeThatWillNotBeReclassifiedToProfitOrLoss" xlink:label="IncomeTaxRelatingToComponentsOfOtherComprehensiveIncomeThatWillNotBeReclassifiedToProfitOrLoss" xlink:title="IncomeTaxRelatingToComponentsOfOtherComprehensiveIncomeThatWillNotBeReclassifiedToProfitOrLoss"/><link:calculationArc xlink:type="arc" xlink:arcrole="http://www.xbrl.org/2003/arcrole/summation-item" xlink:from="OtherComprehensiveIncomeThatWillNotBeReclassifiedToProfitOrLossNetOfTax" xlink:to="IncomeTaxRelatingToComponentsOfOtherComprehensiveIncomeThatWillNotBeReclassifiedToProfitOrLoss" xlink:title="Calculation: OtherComprehensiveIncomeThatWillNotBeReclassifiedToProfitOrLossNetOfTax to IncomeTaxRelatingToComponentsOfOtherComprehensiveIncomeThatWillNotBeReclassifiedToProfitOrLoss" order="2.0" weight="-1"/><link:loc xlink:type="locator" xlink:href="http://xbrl.ifrs.org/taxonomy/2020-03-16/full_ifrs/full_ifrs-cor_2020-03-16.xsd#ifrs-full_OtherComprehensiveIncomeThatWillBeReclassifiedToProfitOrLossNetOfTax" xlink:label="OtherComprehensiveIncomeThatWillBeReclassifiedToProfitOrLossNetOfTax" xlink:title="OtherComprehensiveIncomeThatWillBeReclassifiedToProfitOrLossNetOfTax"/><link:loc xlink:type="locator" xlink:href="HLUNDBECK-2021-12-31.xsd#HLU_GainsLossesOnExchangeDifferencesOnTranslationOfForeignOperationsBeforeTax" xlink:label="GainsLossesOnExchangeDifferencesOnTranslationOfForeignOperationsBeforeTax" xlink:title="GainsLossesOnExchangeDifferencesOnTranslationOfForeignOperationsBeforeTax"/><link:calculationArc xlink:type="arc" xlink:arcrole="http://www.xbrl.org/2003/arcrole/summation-item" xlink:from="OtherComprehensiveIncomeThatWillBeReclassifiedToProfitOrLossNetOfTax" xlink:to="GainsLossesOnExchangeDifferencesOnTranslationOfForeignOperationsBeforeTax" xlink:title="Calculation: OtherComprehensiveIncomeThatWillBeReclassifiedToProfitOrLossNetOfTax to GainsLossesOnExchangeDifferencesOnTranslationOfForeignOperationsBeforeTax" order="1.0" weight="1"/><link:loc xlink:type="locator" xlink:href="HLUNDBECK-2021-12-31.xsd#HLU_GainsLossesOnExchangeDifferencesOnAdditionsToNetInvestmentsInForeignOperationsBeforeTax" xlink:label="GainsLossesOnExchangeDifferencesOnAdditionsToNetInvestmentsInForeignOperationsBeforeTax" xlink:title="GainsLossesOnExchangeDifferencesOnAdditionsToNetInvestmentsInForeignOperationsBeforeTax"/><link:calculationArc xlink:type="arc" xlink:arcrole="http://www.xbrl.org/2003/arcrole/summation-item" xlink:from="OtherComprehensiveIncomeThatWillBeReclassifiedToProfitOrLossNetOfTax" xlink:to="GainsLossesOnExchangeDifferencesOnAdditionsToNetInvestmentsInForeignOperationsBeforeTax" xlink:title="Calculation: OtherComprehensiveIncomeThatWillBeReclassifiedToProfitOrLossNetOfTax to GainsLossesOnExchangeDifferencesOnAdditionsToNetInvestmentsInForeignOperationsBeforeTax" order="2.0" weight="1"/><link:loc xlink:type="locator" xlink:href="http://xbrl.ifrs.org/taxonomy/2020-03-16/full_ifrs/full_ifrs-cor_2020-03-16.xsd#ifrs-full_GainsLossesOnHedgesOfNetInvestmentsInForeignOperationsBeforeTax" xlink:label="GainsLossesOnHedgesOfNetInvestmentsInForeignOperationsBeforeTax" xlink:title="GainsLossesOnHedgesOfNetInvestmentsInForeignOperationsBeforeTax"/><link:calculationArc xlink:type="arc" xlink:arcrole="http://www.xbrl.org/2003/arcrole/summation-item" xlink:from="OtherComprehensiveIncomeThatWillBeReclassifiedToProfitOrLossNetOfTax" xlink:to="GainsLossesOnHedgesOfNetInvestmentsInForeignOperationsBeforeTax" xlink:title="Calculation: OtherComprehensiveIncomeThatWillBeReclassifiedToProfitOrLossNetOfTax to GainsLossesOnHedgesOfNetInvestmentsInForeignOperationsBeforeTax" order="3.0" weight="1"/><link:loc xlink:type="locator" xlink:href="HLUNDBECK-2021-12-31.xsd#HLU_GainsLossesOnCashFlowHedgesBeforeTaxExchangeRate" xlink:label="GainsLossesOnCashFlowHedgesBeforeTaxExchangeRate" xlink:title="GainsLossesOnCashFlowHedgesBeforeTaxExchangeRate"/><link:calculationArc xlink:type="arc" xlink:arcrole="http://www.xbrl.org/2003/arcrole/summation-item" xlink:from="OtherComprehensiveIncomeThatWillBeReclassifiedToProfitOrLossNetOfTax" xlink:to="GainsLossesOnCashFlowHedgesBeforeTaxExchangeRate" xlink:title="Calculation: OtherComprehensiveIncomeThatWillBeReclassifiedToProfitOrLossNetOfTax to GainsLossesOnCashFlowHedgesBeforeTaxExchangeRate" order="4.0" weight="1"/><link:loc xlink:type="locator" xlink:href="HLUNDBECK-2021-12-31.xsd#HLU_GainsLossesOnCashFlowHedgesBeforeTaxInterestRate" xlink:label="GainsLossesOnCashFlowHedgesBeforeTaxInterestRate" xlink:title="GainsLossesOnCashFlowHedgesBeforeTaxInterestRate"/><link:calculationArc xlink:type="arc" xlink:arcrole="http://www.xbrl.org/2003/arcrole/summation-item" xlink:from="OtherComprehensiveIncomeThatWillBeReclassifiedToProfitOrLossNetOfTax" xlink:to="GainsLossesOnCashFlowHedgesBeforeTaxInterestRate" xlink:title="Calculation: OtherComprehensiveIncomeThatWillBeReclassifiedToProfitOrLossNetOfTax to GainsLossesOnCashFlowHedgesBeforeTaxInterestRate" order="5.0" weight="1"/><link:loc xlink:type="locator" xlink:href="HLUNDBECK-2021-12-31.xsd#HLU_ReclassificationAdjustmentsOnCashFlowHedgesBeforeTaxRevenue" xlink:label="ReclassificationAdjustmentsOnCashFlowHedgesBeforeTaxRevenue" xlink:title="ReclassificationAdjustmentsOnCashFlowHedgesBeforeTaxRevenue"/><link:calculationArc xlink:type="arc" xlink:arcrole="http://www.xbrl.org/2003/arcrole/summation-item" xlink:from="OtherComprehensiveIncomeThatWillBeReclassifiedToProfitOrLossNetOfTax" xlink:to="ReclassificationAdjustmentsOnCashFlowHedgesBeforeTaxRevenue" xlink:title="Calculation: OtherComprehensiveIncomeThatWillBeReclassifiedToProfitOrLossNetOfTax to ReclassificationAdjustmentsOnCashFlowHedgesBeforeTaxRevenue" order="6.0" weight="-1"/><link:loc xlink:type="locator" xlink:href="http://xbrl.ifrs.org/taxonomy/2020-03-16/full_ifrs/full_ifrs-cor_2020-03-16.xsd#ifrs-full_IncomeTaxRelatingToComponentsOfOtherComprehensiveIncomeThatWillBeReclassifiedToProfitOrLoss" xlink:label="IncomeTaxRelatingToComponentsOfOtherComprehensiveIncomeThatWillBeReclassifiedToProfitOrLoss" xlink:title="IncomeTaxRelatingToComponentsOfOtherComprehensiveIncomeThatWillBeReclassifiedToProfitOrLoss"/><link:calculationArc xlink:type="arc" xlink:arcrole="http://www.xbrl.org/2003/arcrole/summation-item" xlink:from="OtherComprehensiveIncomeThatWillBeReclassifiedToProfitOrLossNetOfTax" xlink:to="IncomeTaxRelatingToComponentsOfOtherComprehensiveIncomeThatWillBeReclassifiedToProfitOrLoss" xlink:title="Calculation: OtherComprehensiveIncomeThatWillBeReclassifiedToProfitOrLossNetOfTax to IncomeTaxRelatingToComponentsOfOtherComprehensiveIncomeThatWillBeReclassifiedToProfitOrLoss" order="7.0" weight="-1"/><link:loc xlink:type="locator" xlink:href="http://xbrl.ifrs.org/taxonomy/2020-03-16/full_ifrs/full_ifrs-cor_2020-03-16.xsd#ifrs-full_OtherComprehensiveIncome" xlink:label="OtherComprehensiveIncome" xlink:title="OtherComprehensiveIncome"/><link:calculationArc xlink:type="arc" xlink:arcrole="http://www.xbrl.org/2003/arcrole/summation-item" xlink:from="OtherComprehensiveIncome" xlink:to="OtherComprehensiveIncomeThatWillBeReclassifiedToProfitOrLossNetOfTax" xlink:title="Calculation: OtherComprehensiveIncome to OtherComprehensiveIncomeThatWillBeReclassifiedToProfitOrLossNetOfTax" order="1.0" weight="1"/><link:calculationArc xlink:type="arc" xlink:arcrole="http://www.xbrl.org/2003/arcrole/summation-item" xlink:from="OtherComprehensiveIncome" xlink:to="OtherComprehensiveIncomeThatWillNotBeReclassifiedToProfitOrLossNetOfTax" xlink:title="Calculation: OtherComprehensiveIncome to OtherComprehensiveIncomeThatWillNotBeReclassifiedToProfitOrLossNetOfTax" order="2.0" weight="1"/><link:loc xlink:type="locator" xlink:href="http://xbrl.ifrs.org/taxonomy/2020-03-16/full_ifrs/full_ifrs-cor_2020-03-16.xsd#ifrs-full_ComprehensiveIncome" xlink:label="ComprehensiveIncome" xlink:title="ComprehensiveIncome"/><link:calculationArc xlink:type="arc" xlink:arcrole="http://www.xbrl.org/2003/arcrole/summation-item" xlink:from="ComprehensiveIncome" xlink:to="OtherComprehensiveIncome" xlink:title="Calculation: ComprehensiveIncome to OtherComprehensiveIncome" order="1.0" weight="1"/><link:loc xlink:type="locator" xlink:href="http://xbrl.ifrs.org/taxonomy/2020-03-16/full_ifrs/full_ifrs-cor_2020-03-16.xsd#ifrs-full_ProfitLoss" xlink:label="ProfitLoss" xlink:title="ProfitLoss"/><link:calculationArc xlink:type="arc" xlink:arcrole="http://www.xbrl.org/2003/arcrole/summation-item" xlink:from="ComprehensiveIncome" xlink:to="ProfitLoss" xlink:title="Calculation: ComprehensiveIncome to ProfitLoss" order="2.0" weight="1"/></link:calculationLink><link:calculationLink xlink:type="extended" xlink:role="http://xbrl.lundbeck.com/role/FinancialPosition"><link:loc xlink:type="locator" xlink:href="http://xbrl.ifrs.org/taxonomy/2020-03-16/full_ifrs/full_ifrs-cor_2020-03-16.xsd#ifrs-full_IntangibleAssetsAndGoodwill" xlink:label="IntangibleAssetsAndGoodwill" xlink:title="IntangibleAssetsAndGoodwill"/><link:loc xlink:type="locator" xlink:href="http://xbrl.ifrs.org/taxonomy/2020-03-16/full_ifrs/full_ifrs-cor_2020-03-16.xsd#ifrs-full_Goodwill" xlink:label="Goodwill" xlink:title="Goodwill"/><link:calculationArc xlink:type="arc" xlink:arcrole="http://www.xbrl.org/2003/arcrole/summation-item" xlink:from="IntangibleAssetsAndGoodwill" xlink:to="Goodwill" xlink:title="Calculation: IntangibleAssetsAndGoodwill to Goodwill" order="1.0" weight="1"/><link:loc xlink:type="locator" xlink:href="HLUNDBECK-2021-12-31.xsd#HLU_ProductRights" xlink:label="ProductRights" xlink:title="ProductRights"/><link:calculationArc xlink:type="arc" xlink:arcrole="http://www.xbrl.org/2003/arcrole/summation-item" xlink:from="IntangibleAssetsAndGoodwill" xlink:to="ProductRights" xlink:title="Calculation: IntangibleAssetsAndGoodwill to ProductRights" order="2.0" weight="1"/><link:loc xlink:type="locator" xlink:href="HLUNDBECK-2021-12-31.xsd#HLU_OtherRights" xlink:label="OtherRights" xlink:title="OtherRights"/><link:calculationArc xlink:type="arc" xlink:arcrole="http://www.xbrl.org/2003/arcrole/summation-item" xlink:from="IntangibleAssetsAndGoodwill" xlink:to="OtherRights" xlink:title="Calculation: IntangibleAssetsAndGoodwill to OtherRights" order="3.0" weight="1"/><link:loc xlink:type="locator" xlink:href="http://xbrl.ifrs.org/taxonomy/2020-03-16/full_ifrs/full_ifrs-cor_2020-03-16.xsd#ifrs-full_IntangibleAssetsUnderDevelopment" xlink:label="IntangibleAssetsUnderDevelopment" xlink:title="IntangibleAssetsUnderDevelopment"/><link:calculationArc xlink:type="arc" xlink:arcrole="http://www.xbrl.org/2003/arcrole/summation-item" xlink:from="IntangibleAssetsAndGoodwill" xlink:to="IntangibleAssetsUnderDevelopment" xlink:title="Calculation: IntangibleAssetsAndGoodwill to IntangibleAssetsUnderDevelopment" order="4.0" weight="1"/><link:loc xlink:type="locator" xlink:href="http://xbrl.ifrs.org/taxonomy/2020-03-16/full_ifrs/full_ifrs-cor_2020-03-16.xsd#ifrs-full_PropertyPlantAndEquipment" xlink:label="PropertyPlantAndEquipment" xlink:title="PropertyPlantAndEquipment"/><link:loc xlink:type="locator" xlink:href="http://xbrl.ifrs.org/taxonomy/2020-03-16/full_ifrs/full_ifrs-cor_2020-03-16.xsd#ifrs-full_LandAndBuildings" xlink:label="LandAndBuildings" xlink:title="LandAndBuildings"/><link:calculationArc xlink:type="arc" xlink:arcrole="http://www.xbrl.org/2003/arcrole/summation-item" xlink:from="PropertyPlantAndEquipment" xlink:to="LandAndBuildings" xlink:title="Calculation: PropertyPlantAndEquipment to LandAndBuildings" order="1.0" weight="1"/><link:loc xlink:type="locator" xlink:href="HLUNDBECK-2021-12-31.xsd#HLU_PlantAndMachinery" xlink:label="PlantAndMachinery" xlink:title="PlantAndMachinery"/><link:calculationArc xlink:type="arc" xlink:arcrole="http://www.xbrl.org/2003/arcrole/summation-item" xlink:from="PropertyPlantAndEquipment" xlink:to="PlantAndMachinery" xlink:title="Calculation: PropertyPlantAndEquipment to PlantAndMachinery" order="2.0" weight="1"/><link:loc xlink:type="locator" xlink:href="http://xbrl.ifrs.org/taxonomy/2020-03-16/full_ifrs/full_ifrs-cor_2020-03-16.xsd#ifrs-full_FixturesAndFittings" xlink:label="FixturesAndFittings" xlink:title="FixturesAndFittings"/><link:calculationArc xlink:type="arc" xlink:arcrole="http://www.xbrl.org/2003/arcrole/summation-item" xlink:from="PropertyPlantAndEquipment" xlink:to="FixturesAndFittings" xlink:title="Calculation: PropertyPlantAndEquipment to FixturesAndFittings" order="3.0" weight="1"/><link:loc xlink:type="locator" xlink:href="HLUNDBECK-2021-12-31.xsd#HLU_ConstructionInProgressAndPrepaymentsForConstructionInProgress" xlink:label="ConstructionInProgressAndPrepaymentsForConstructionInProgress" xlink:title="ConstructionInProgressAndPrepaymentsForConstructionInProgress"/><link:calculationArc xlink:type="arc" xlink:arcrole="http://www.xbrl.org/2003/arcrole/summation-item" xlink:from="PropertyPlantAndEquipment" xlink:to="ConstructionInProgressAndPrepaymentsForConstructionInProgress" xlink:title="Calculation: PropertyPlantAndEquipment to ConstructionInProgressAndPrepaymentsForConstructionInProgress" order="4.0" weight="1"/><link:loc xlink:type="locator" xlink:href="http://xbrl.ifrs.org/taxonomy/2020-03-16/full_ifrs/full_ifrs-cor_2020-03-16.xsd#ifrs-full_RightofuseAssets" xlink:label="RightofuseAssets" xlink:title="RightofuseAssets"/><link:calculationArc xlink:type="arc" xlink:arcrole="http://www.xbrl.org/2003/arcrole/summation-item" xlink:from="PropertyPlantAndEquipment" xlink:to="RightofuseAssets" xlink:title="Calculation: PropertyPlantAndEquipment to RightofuseAssets" order="5.0" weight="1"/><link:loc xlink:type="locator" xlink:href="http://xbrl.ifrs.org/taxonomy/2020-03-16/full_ifrs/full_ifrs-cor_2020-03-16.xsd#ifrs-full_NoncurrentFinancialAssets" xlink:label="NoncurrentFinancialAssets" xlink:title="NoncurrentFinancialAssets"/><link:loc xlink:type="locator" xlink:href="http://xbrl.ifrs.org/taxonomy/2020-03-16/full_ifrs/full_ifrs-cor_2020-03-16.xsd#ifrs-full_OtherNoncurrentFinancialAssets" xlink:label="OtherNoncurrentFinancialAssets" xlink:title="OtherNoncurrentFinancialAssets"/><link:calculationArc xlink:type="arc" xlink:arcrole="http://www.xbrl.org/2003/arcrole/summation-item" xlink:from="NoncurrentFinancialAssets" xlink:to="OtherNoncurrentFinancialAssets" xlink:title="Calculation: NoncurrentFinancialAssets to OtherNoncurrentFinancialAssets" order="1.0" weight="1"/><link:loc xlink:type="locator" xlink:href="http://xbrl.ifrs.org/taxonomy/2020-03-16/full_ifrs/full_ifrs-cor_2020-03-16.xsd#ifrs-full_OtherNoncurrentReceivables" xlink:label="OtherNoncurrentReceivables" xlink:title="OtherNoncurrentReceivables"/><link:calculationArc xlink:type="arc" xlink:arcrole="http://www.xbrl.org/2003/arcrole/summation-item" xlink:from="NoncurrentFinancialAssets" xlink:to="OtherNoncurrentReceivables" xlink:title="Calculation: NoncurrentFinancialAssets to OtherNoncurrentReceivables" order="2.0" weight="1"/><link:loc xlink:type="locator" xlink:href="http://xbrl.ifrs.org/taxonomy/2020-03-16/full_ifrs/full_ifrs-cor_2020-03-16.xsd#ifrs-full_DeferredTaxAssets" xlink:label="DeferredTaxAssets" xlink:title="DeferredTaxAssets"/><link:calculationArc xlink:type="arc" xlink:arcrole="http://www.xbrl.org/2003/arcrole/summation-item" xlink:from="NoncurrentFinancialAssets" xlink:to="DeferredTaxAssets" xlink:title="Calculation: NoncurrentFinancialAssets to DeferredTaxAssets" order="3.0" weight="1"/><link:loc xlink:type="locator" xlink:href="http://xbrl.ifrs.org/taxonomy/2020-03-16/full_ifrs/full_ifrs-cor_2020-03-16.xsd#ifrs-full_NoncurrentAssets" xlink:label="NoncurrentAssets" xlink:title="NoncurrentAssets"/><link:calculationArc xlink:type="arc" xlink:arcrole="http://www.xbrl.org/2003/arcrole/summation-item" xlink:from="NoncurrentAssets" xlink:to="NoncurrentFinancialAssets" xlink:title="Calculation: NoncurrentAssets to NoncurrentFinancialAssets" order="1.0" weight="1"/><link:calculationArc xlink:type="arc" xlink:arcrole="http://www.xbrl.org/2003/arcrole/summation-item" xlink:from="NoncurrentAssets" xlink:to="PropertyPlantAndEquipment" xlink:title="Calculation: NoncurrentAssets to PropertyPlantAndEquipment" order="2.0" weight="1"/><link:calculationArc xlink:type="arc" xlink:arcrole="http://www.xbrl.org/2003/arcrole/summation-item" xlink:from="NoncurrentAssets" xlink:to="IntangibleAssetsAndGoodwill" xlink:title="Calculation: NoncurrentAssets to IntangibleAssetsAndGoodwill" order="3.0" weight="1"/><link:loc xlink:type="locator" xlink:href="http://xbrl.ifrs.org/taxonomy/2020-03-16/full_ifrs/full_ifrs-cor_2020-03-16.xsd#ifrs-full_TradeAndOtherCurrentReceivables" xlink:label="TradeAndOtherCurrentReceivables" xlink:title="TradeAndOtherCurrentReceivables"/><link:loc xlink:type="locator" xlink:href="http://xbrl.ifrs.org/taxonomy/2020-03-16/full_ifrs/full_ifrs-cor_2020-03-16.xsd#ifrs-full_CurrentTradeReceivables" xlink:label="CurrentTradeReceivables" xlink:title="CurrentTradeReceivables"/><link:calculationArc xlink:type="arc" xlink:arcrole="http://www.xbrl.org/2003/arcrole/summation-item" xlink:from="TradeAndOtherCurrentReceivables" xlink:to="CurrentTradeReceivables" xlink:title="Calculation: TradeAndOtherCurrentReceivables to CurrentTradeReceivables" order="1.0" weight="1"/><link:loc xlink:type="locator" xlink:href="http://xbrl.ifrs.org/taxonomy/2020-03-16/full_ifrs/full_ifrs-cor_2020-03-16.xsd#ifrs-full_CurrentTaxAssetsCurrent" xlink:label="CurrentTaxAssetsCurrent" xlink:title="CurrentTaxAssetsCurrent"/><link:calculationArc xlink:type="arc" xlink:arcrole="http://www.xbrl.org/2003/arcrole/summation-item" xlink:from="TradeAndOtherCurrentReceivables" xlink:to="CurrentTaxAssetsCurrent" xlink:title="Calculation: TradeAndOtherCurrentReceivables to CurrentTaxAssetsCurrent" order="2.0" weight="1"/><link:loc xlink:type="locator" xlink:href="http://xbrl.ifrs.org/taxonomy/2020-03-16/full_ifrs/full_ifrs-cor_2020-03-16.xsd#ifrs-full_OtherCurrentReceivables" xlink:label="OtherCurrentReceivables" xlink:title="OtherCurrentReceivables"/><link:calculationArc xlink:type="arc" xlink:arcrole="http://www.xbrl.org/2003/arcrole/summation-item" xlink:from="TradeAndOtherCurrentReceivables" xlink:to="OtherCurrentReceivables" xlink:title="Calculation: TradeAndOtherCurrentReceivables to OtherCurrentReceivables" order="3.0" weight="1"/><link:loc xlink:type="locator" xlink:href="http://xbrl.ifrs.org/taxonomy/2020-03-16/full_ifrs/full_ifrs-cor_2020-03-16.xsd#ifrs-full_CurrentPrepayments" xlink:label="CurrentPrepayments" xlink:title="CurrentPrepayments"/><link:calculationArc xlink:type="arc" xlink:arcrole="http://www.xbrl.org/2003/arcrole/summation-item" xlink:from="TradeAndOtherCurrentReceivables" xlink:to="CurrentPrepayments" xlink:title="Calculation: TradeAndOtherCurrentReceivables to CurrentPrepayments" order="4.0" weight="1"/><link:loc xlink:type="locator" xlink:href="http://xbrl.ifrs.org/taxonomy/2020-03-16/full_ifrs/full_ifrs-cor_2020-03-16.xsd#ifrs-full_CurrentAssets" xlink:label="CurrentAssets" xlink:title="CurrentAssets"/><link:loc xlink:type="locator" xlink:href="http://xbrl.ifrs.org/taxonomy/2020-03-16/full_ifrs/full_ifrs-cor_2020-03-16.xsd#ifrs-full_CashAndCashEquivalents" xlink:label="CashAndCashEquivalents" xlink:title="CashAndCashEquivalents"/><link:calculationArc xlink:type="arc" xlink:arcrole="http://www.xbrl.org/2003/arcrole/summation-item" xlink:from="CurrentAssets" xlink:to="CashAndCashEquivalents" xlink:title="Calculation: CurrentAssets to CashAndCashEquivalents" order="1.0" weight="1"/><link:calculationArc xlink:type="arc" xlink:arcrole="http://www.xbrl.org/2003/arcrole/summation-item" xlink:from="CurrentAssets" xlink:to="TradeAndOtherCurrentReceivables" xlink:title="Calculation: CurrentAssets to TradeAndOtherCurrentReceivables" order="2.0" weight="1"/><link:loc xlink:type="locator" xlink:href="http://xbrl.ifrs.org/taxonomy/2020-03-16/full_ifrs/full_ifrs-cor_2020-03-16.xsd#ifrs-full_Inventories" xlink:label="Inventories" xlink:title="Inventories"/><link:calculationArc xlink:type="arc" xlink:arcrole="http://www.xbrl.org/2003/arcrole/summation-item" xlink:from="CurrentAssets" xlink:to="Inventories" xlink:title="Calculation: CurrentAssets to Inventories" order="3.0" weight="1"/><link:loc xlink:type="locator" xlink:href="http://xbrl.ifrs.org/taxonomy/2020-03-16/full_ifrs/full_ifrs-cor_2020-03-16.xsd#ifrs-full_Assets" xlink:label="Assets" xlink:title="Assets"/><link:calculationArc xlink:type="arc" xlink:arcrole="http://www.xbrl.org/2003/arcrole/summation-item" xlink:from="Assets" xlink:to="CurrentAssets" xlink:title="Calculation: Assets to CurrentAssets" order="1.0" weight="1"/><link:calculationArc xlink:type="arc" xlink:arcrole="http://www.xbrl.org/2003/arcrole/summation-item" xlink:from="Assets" xlink:to="NoncurrentAssets" xlink:title="Calculation: Assets to NoncurrentAssets" order="2.0" weight="1"/><link:loc xlink:type="locator" xlink:href="http://xbrl.ifrs.org/taxonomy/2020-03-16/full_ifrs/full_ifrs-cor_2020-03-16.xsd#ifrs-full_Equity" xlink:label="Equity" xlink:title="Equity"/><link:loc xlink:type="locator" xlink:href="http://xbrl.ifrs.org/taxonomy/2020-03-16/full_ifrs/full_ifrs-cor_2020-03-16.xsd#ifrs-full_IssuedCapital" xlink:label="IssuedCapital" xlink:title="IssuedCapital"/><link:calculationArc xlink:type="arc" xlink:arcrole="http://www.xbrl.org/2003/arcrole/summation-item" xlink:from="Equity" xlink:to="IssuedCapital" xlink:title="Calculation: Equity to IssuedCapital" order="1.0" weight="1"/><link:loc xlink:type="locator" xlink:href="http://xbrl.ifrs.org/taxonomy/2020-03-16/full_ifrs/full_ifrs-cor_2020-03-16.xsd#ifrs-full_ReserveOfExchangeDifferencesOnTranslation" xlink:label="ReserveOfExchangeDifferencesOnTranslation" xlink:title="ReserveOfExchangeDifferencesOnTranslation"/><link:calculationArc xlink:type="arc" xlink:arcrole="http://www.xbrl.org/2003/arcrole/summation-item" xlink:from="Equity" xlink:to="ReserveOfExchangeDifferencesOnTranslation" xlink:title="Calculation: Equity to ReserveOfExchangeDifferencesOnTranslation" order="2.0" weight="1"/><link:loc xlink:type="locator" xlink:href="http://xbrl.ifrs.org/taxonomy/2020-03-16/full_ifrs/full_ifrs-cor_2020-03-16.xsd#ifrs-full_ReserveOfCashFlowHedges" xlink:label="ReserveOfCashFlowHedges" xlink:title="ReserveOfCashFlowHedges"/><link:calculationArc xlink:type="arc" xlink:arcrole="http://www.xbrl.org/2003/arcrole/summation-item" xlink:from="Equity" xlink:to="ReserveOfCashFlowHedges" xlink:title="Calculation: Equity to ReserveOfCashFlowHedges" order="3.0" weight="1"/><link:loc xlink:type="locator" xlink:href="http://xbrl.ifrs.org/taxonomy/2020-03-16/full_ifrs/full_ifrs-cor_2020-03-16.xsd#ifrs-full_RetainedEarnings" xlink:label="RetainedEarnings" xlink:title="RetainedEarnings"/><link:calculationArc xlink:type="arc" xlink:arcrole="http://www.xbrl.org/2003/arcrole/summation-item" xlink:from="Equity" xlink:to="RetainedEarnings" xlink:title="Calculation: Equity to RetainedEarnings" order="4.0" weight="1"/><link:loc xlink:type="locator" xlink:href="http://xbrl.ifrs.org/taxonomy/2020-03-16/full_ifrs/full_ifrs-cor_2020-03-16.xsd#ifrs-full_NoncurrentLiabilities" xlink:label="NoncurrentLiabilities" xlink:title="NoncurrentLiabilities"/><link:loc xlink:type="locator" xlink:href="http://xbrl.ifrs.org/taxonomy/2020-03-16/full_ifrs/full_ifrs-cor_2020-03-16.xsd#ifrs-full_NoncurrentRecognisedLiabilitiesDefinedBenefitPlan" xlink:label="NoncurrentRecognisedLiabilitiesDefinedBenefitPlan" xlink:title="NoncurrentRecognisedLiabilitiesDefinedBenefitPlan"/><link:calculationArc xlink:type="arc" xlink:arcrole="http://www.xbrl.org/2003/arcrole/summation-item" xlink:from="NoncurrentLiabilities" xlink:to="NoncurrentRecognisedLiabilitiesDefinedBenefitPlan" xlink:title="Calculation: NoncurrentLiabilities to NoncurrentRecognisedLiabilitiesDefinedBenefitPlan" order="1.0" weight="1"/><link:loc xlink:type="locator" xlink:href="http://xbrl.ifrs.org/taxonomy/2020-03-16/full_ifrs/full_ifrs-cor_2020-03-16.xsd#ifrs-full_DeferredTaxLiabilities" xlink:label="DeferredTaxLiabilities" xlink:title="DeferredTaxLiabilities"/><link:calculationArc xlink:type="arc" xlink:arcrole="http://www.xbrl.org/2003/arcrole/summation-item" xlink:from="NoncurrentLiabilities" xlink:to="DeferredTaxLiabilities" xlink:title="Calculation: NoncurrentLiabilities to DeferredTaxLiabilities" order="2.0" weight="1"/><link:loc xlink:type="locator" xlink:href="http://xbrl.ifrs.org/taxonomy/2020-03-16/full_ifrs/full_ifrs-cor_2020-03-16.xsd#ifrs-full_NoncurrentProvisions" xlink:label="NoncurrentProvisions" xlink:title="NoncurrentProvisions"/><link:calculationArc xlink:type="arc" xlink:arcrole="http://www.xbrl.org/2003/arcrole/summation-item" xlink:from="NoncurrentLiabilities" xlink:to="NoncurrentProvisions" xlink:title="Calculation: NoncurrentLiabilities to NoncurrentProvisions" order="3.0" weight="1"/><link:loc xlink:type="locator" xlink:href="http://xbrl.ifrs.org/taxonomy/2020-03-16/full_ifrs/full_ifrs-cor_2020-03-16.xsd#ifrs-full_LongtermBorrowings" xlink:label="LongtermBorrowings" xlink:title="LongtermBorrowings"/><link:calculationArc xlink:type="arc" xlink:arcrole="http://www.xbrl.org/2003/arcrole/summation-item" xlink:from="NoncurrentLiabilities" xlink:to="LongtermBorrowings" xlink:title="Calculation: NoncurrentLiabilities to LongtermBorrowings" order="4.0" weight="1"/><link:loc xlink:type="locator" xlink:href="http://xbrl.ifrs.org/taxonomy/2020-03-16/full_ifrs/full_ifrs-cor_2020-03-16.xsd#ifrs-full_NoncurrentLeaseLiabilities" xlink:label="NoncurrentLeaseLiabilities" xlink:title="NoncurrentLeaseLiabilities"/><link:calculationArc xlink:type="arc" xlink:arcrole="http://www.xbrl.org/2003/arcrole/summation-item" xlink:from="NoncurrentLiabilities" xlink:to="NoncurrentLeaseLiabilities" xlink:title="Calculation: NoncurrentLiabilities to NoncurrentLeaseLiabilities" order="5.0" weight="1"/><link:loc xlink:type="locator" xlink:href="http://xbrl.ifrs.org/taxonomy/2020-03-16/full_ifrs/full_ifrs-cor_2020-03-16.xsd#ifrs-full_OtherNoncurrentPayables" xlink:label="OtherNoncurrentPayables" xlink:title="OtherNoncurrentPayables"/><link:calculationArc xlink:type="arc" xlink:arcrole="http://www.xbrl.org/2003/arcrole/summation-item" xlink:from="NoncurrentLiabilities" xlink:to="OtherNoncurrentPayables" xlink:title="Calculation: NoncurrentLiabilities to OtherNoncurrentPayables" order="6.0" weight="1"/><link:loc xlink:type="locator" xlink:href="http://xbrl.ifrs.org/taxonomy/2020-03-16/full_ifrs/full_ifrs-cor_2020-03-16.xsd#ifrs-full_CurrentLiabilities" xlink:label="CurrentLiabilities" xlink:title="CurrentLiabilities"/><link:loc xlink:type="locator" xlink:href="http://xbrl.ifrs.org/taxonomy/2020-03-16/full_ifrs/full_ifrs-cor_2020-03-16.xsd#ifrs-full_CurrentRecognisedLiabilitiesDefinedBenefitPlan" xlink:label="CurrentRecognisedLiabilitiesDefinedBenefitPlan" xlink:title="CurrentRecognisedLiabilitiesDefinedBenefitPlan"/><link:calculationArc xlink:type="arc" xlink:arcrole="http://www.xbrl.org/2003/arcrole/summation-item" xlink:from="CurrentLiabilities" xlink:to="CurrentRecognisedLiabilitiesDefinedBenefitPlan" xlink:title="Calculation: CurrentLiabilities to CurrentRecognisedLiabilitiesDefinedBenefitPlan" order="1.0" weight="1"/><link:loc xlink:type="locator" xlink:href="http://xbrl.ifrs.org/taxonomy/2020-03-16/full_ifrs/full_ifrs-cor_2020-03-16.xsd#ifrs-full_CurrentProvisions" xlink:label="CurrentProvisions" xlink:title="CurrentProvisions"/><link:calculationArc xlink:type="arc" xlink:arcrole="http://www.xbrl.org/2003/arcrole/summation-item" xlink:from="CurrentLiabilities" xlink:to="CurrentProvisions" xlink:title="Calculation: CurrentLiabilities to CurrentProvisions" order="2.0" weight="1"/><link:loc xlink:type="locator" xlink:href="http://xbrl.ifrs.org/taxonomy/2020-03-16/full_ifrs/full_ifrs-cor_2020-03-16.xsd#ifrs-full_ShorttermBorrowings" xlink:label="ShorttermBorrowings" xlink:title="ShorttermBorrowings"/><link:calculationArc xlink:type="arc" xlink:arcrole="http://www.xbrl.org/2003/arcrole/summation-item" xlink:from="CurrentLiabilities" xlink:to="ShorttermBorrowings" xlink:title="Calculation: CurrentLiabilities to ShorttermBorrowings" order="3.0" weight="1"/><link:loc xlink:type="locator" xlink:href="http://xbrl.ifrs.org/taxonomy/2020-03-16/full_ifrs/full_ifrs-cor_2020-03-16.xsd#ifrs-full_TradeAndOtherCurrentPayablesToTradeSuppliers" xlink:label="TradeAndOtherCurrentPayablesToTradeSuppliers" xlink:title="TradeAndOtherCurrentPayablesToTradeSuppliers"/><link:calculationArc xlink:type="arc" xlink:arcrole="http://www.xbrl.org/2003/arcrole/summation-item" xlink:from="CurrentLiabilities" xlink:to="TradeAndOtherCurrentPayablesToTradeSuppliers" xlink:title="Calculation: CurrentLiabilities to TradeAndOtherCurrentPayablesToTradeSuppliers" order="4.0" weight="1"/><link:loc xlink:type="locator" xlink:href="http://xbrl.ifrs.org/taxonomy/2020-03-16/full_ifrs/full_ifrs-cor_2020-03-16.xsd#ifrs-full_CurrentLeaseLiabilities" xlink:label="CurrentLeaseLiabilities" xlink:title="CurrentLeaseLiabilities"/><link:calculationArc xlink:type="arc" xlink:arcrole="http://www.xbrl.org/2003/arcrole/summation-item" xlink:from="CurrentLiabilities" xlink:to="CurrentLeaseLiabilities" xlink:title="Calculation: CurrentLiabilities to CurrentLeaseLiabilities" order="5.0" weight="1"/><link:loc xlink:type="locator" xlink:href="http://xbrl.ifrs.org/taxonomy/2020-03-16/full_ifrs/full_ifrs-cor_2020-03-16.xsd#ifrs-full_CurrentTaxLiabilitiesCurrent" xlink:label="CurrentTaxLiabilitiesCurrent" xlink:title="CurrentTaxLiabilitiesCurrent"/><link:calculationArc xlink:type="arc" xlink:arcrole="http://www.xbrl.org/2003/arcrole/summation-item" xlink:from="CurrentLiabilities" xlink:to="CurrentTaxLiabilitiesCurrent" xlink:title="Calculation: CurrentLiabilities to CurrentTaxLiabilitiesCurrent" order="6.0" weight="1"/><link:loc xlink:type="locator" xlink:href="http://xbrl.ifrs.org/taxonomy/2020-03-16/full_ifrs/full_ifrs-cor_2020-03-16.xsd#ifrs-full_OtherCurrentPayables" xlink:label="OtherCurrentPayables" xlink:title="OtherCurrentPayables"/><link:calculationArc xlink:type="arc" xlink:arcrole="http://www.xbrl.org/2003/arcrole/summation-item" xlink:from="CurrentLiabilities" xlink:to="OtherCurrentPayables" xlink:title="Calculation: CurrentLiabilities to OtherCurrentPayables" order="7.0" weight="1"/><link:loc xlink:type="locator" xlink:href="http://xbrl.ifrs.org/taxonomy/2020-03-16/full_ifrs/full_ifrs-cor_2020-03-16.xsd#ifrs-full_Liabilities" xlink:label="Liabilities" xlink:title="Liabilities"/><link:calculationArc xlink:type="arc" xlink:arcrole="http://www.xbrl.org/2003/arcrole/summation-item" xlink:from="Liabilities" xlink:to="CurrentLiabilities" xlink:title="Calculation: Liabilities to CurrentLiabilities" order="1.0" weight="1"/><link:calculationArc xlink:type="arc" xlink:arcrole="http://www.xbrl.org/2003/arcrole/summation-item" xlink:from="Liabilities" xlink:to="NoncurrentLiabilities" xlink:title="Calculation: Liabilities to NoncurrentLiabilities" order="2.0" weight="1"/><link:loc xlink:type="locator" xlink:href="http://xbrl.ifrs.org/taxonomy/2020-03-16/full_ifrs/full_ifrs-cor_2020-03-16.xsd#ifrs-full_EquityAndLiabilities" xlink:label="EquityAndLiabilities" xlink:title="EquityAndLiabilities"/><link:calculationArc xlink:type="arc" xlink:arcrole="http://www.xbrl.org/2003/arcrole/summation-item" xlink:from="EquityAndLiabilities" xlink:to="Liabilities" xlink:title="Calculation: EquityAndLiabilities to Liabilities" order="1.0" weight="1"/><link:calculationArc xlink:type="arc" xlink:arcrole="http://www.xbrl.org/2003/arcrole/summation-item" xlink:from="EquityAndLiabilities" xlink:to="Equity" xlink:title="Calculation: EquityAndLiabilities to Equity" order="2.0" weight="1"/></link:calculationLink><link:calculationLink xlink:type="extended" xlink:role="http://xbrl.lundbeck.com/role/ChangesinEquity"><link:loc xlink:type="locator" xlink:href="http://xbrl.ifrs.org/taxonomy/2020-03-16/full_ifrs/full_ifrs-cor_2020-03-16.xsd#ifrs-full_ComprehensiveIncome" xlink:label="ComprehensiveIncome" xlink:title="ComprehensiveIncome"/><link:loc xlink:type="locator" xlink:href="http://xbrl.ifrs.org/taxonomy/2020-03-16/full_ifrs/full_ifrs-cor_2020-03-16.xsd#ifrs-full_ProfitLoss" xlink:label="ProfitLoss" xlink:title="ProfitLoss"/><link:calculationArc xlink:type="arc" xlink:arcrole="http://www.xbrl.org/2003/arcrole/summation-item" xlink:from="ComprehensiveIncome" xlink:to="ProfitLoss" xlink:title="Calculation: ComprehensiveIncome to ProfitLoss" order="1.0" weight="1"/><link:loc xlink:type="locator" xlink:href="http://xbrl.ifrs.org/taxonomy/2020-03-16/full_ifrs/full_ifrs-cor_2020-03-16.xsd#ifrs-full_OtherComprehensiveIncome" xlink:label="OtherComprehensiveIncome" xlink:title="OtherComprehensiveIncome"/><link:calculationArc xlink:type="arc" xlink:arcrole="http://www.xbrl.org/2003/arcrole/summation-item" xlink:from="ComprehensiveIncome" xlink:to="OtherComprehensiveIncome" xlink:title="Calculation: ComprehensiveIncome to OtherComprehensiveIncome" order="2.0" weight="1"/><link:loc xlink:type="locator" xlink:href="http://xbrl.ifrs.org/taxonomy/2020-03-16/full_ifrs/full_ifrs-cor_2020-03-16.xsd#ifrs-full_IncreaseDecreaseThroughTransfersAndOtherChangesEquity" xlink:label="IncreaseDecreaseThroughTransfersAndOtherChangesEquity" xlink:title="IncreaseDecreaseThroughTransfersAndOtherChangesEquity"/><link:loc xlink:type="locator" xlink:href="http://xbrl.ifrs.org/taxonomy/2020-03-16/full_ifrs/full_ifrs-cor_2020-03-16.xsd#ifrs-full_DividendsPaid" xlink:label="DividendsPaid" xlink:title="DividendsPaid"/><link:calculationArc xlink:type="arc" xlink:arcrole="http://www.xbrl.org/2003/arcrole/summation-item" xlink:from="IncreaseDecreaseThroughTransfersAndOtherChangesEquity" xlink:to="DividendsPaid" xlink:title="Calculation: IncreaseDecreaseThroughTransfersAndOtherChangesEquity to DividendsPaid" order="1.0" weight="-1"/><link:loc xlink:type="locator" xlink:href="HLUNDBECK-2021-12-31.xsd#HLU_DividendsReceivedFromTreasuryShares" xlink:label="DividendsReceivedFromTreasuryShares" xlink:title="DividendsReceivedFromTreasuryShares"/><link:calculationArc xlink:type="arc" xlink:arcrole="http://www.xbrl.org/2003/arcrole/summation-item" xlink:from="IncreaseDecreaseThroughTransfersAndOtherChangesEquity" xlink:to="DividendsReceivedFromTreasuryShares" xlink:title="Calculation: IncreaseDecreaseThroughTransfersAndOtherChangesEquity to DividendsReceivedFromTreasuryShares" order="2.0" weight="1"/><link:loc xlink:type="locator" xlink:href="http://xbrl.ifrs.org/taxonomy/2020-03-16/full_ifrs/full_ifrs-cor_2020-03-16.xsd#ifrs-full_PurchaseOfTreasuryShares" xlink:label="PurchaseOfTreasuryShares" xlink:title="PurchaseOfTreasuryShares"/><link:calculationArc xlink:type="arc" xlink:arcrole="http://www.xbrl.org/2003/arcrole/summation-item" xlink:from="IncreaseDecreaseThroughTransfersAndOtherChangesEquity" xlink:to="PurchaseOfTreasuryShares" xlink:title="Calculation: IncreaseDecreaseThroughTransfersAndOtherChangesEquity to PurchaseOfTreasuryShares" order="3.0" weight="-1"/><link:loc xlink:type="locator" xlink:href="http://xbrl.ifrs.org/taxonomy/2020-03-16/full_ifrs/full_ifrs-cor_2020-03-16.xsd#ifrs-full_IncreaseDecreaseThroughSharebasedPaymentTransactions" xlink:label="IncreaseDecreaseThroughSharebasedPaymentTransactions" xlink:title="IncreaseDecreaseThroughSharebasedPaymentTransactions"/><link:calculationArc xlink:type="arc" xlink:arcrole="http://www.xbrl.org/2003/arcrole/summation-item" xlink:from="IncreaseDecreaseThroughTransfersAndOtherChangesEquity" xlink:to="IncreaseDecreaseThroughSharebasedPaymentTransactions" xlink:title="Calculation: IncreaseDecreaseThroughTransfersAndOtherChangesEquity to IncreaseDecreaseThroughSharebasedPaymentTransactions" order="4.0" weight="1"/><link:loc xlink:type="locator" xlink:href="http://xbrl.ifrs.org/taxonomy/2020-03-16/full_ifrs/full_ifrs-cor_2020-03-16.xsd#ifrs-full_DecreaseIncreaseThroughTaxOnSharebasedPaymentTransactions" xlink:label="DecreaseIncreaseThroughTaxOnSharebasedPaymentTransactions" xlink:title="DecreaseIncreaseThroughTaxOnSharebasedPaymentTransactions"/><link:calculationArc xlink:type="arc" xlink:arcrole="http://www.xbrl.org/2003/arcrole/summation-item" xlink:from="IncreaseDecreaseThroughTransfersAndOtherChangesEquity" xlink:to="DecreaseIncreaseThroughTaxOnSharebasedPaymentTransactions" xlink:title="Calculation: IncreaseDecreaseThroughTransfersAndOtherChangesEquity to DecreaseIncreaseThroughTaxOnSharebasedPaymentTransactions" order="5.0" weight="-1"/><link:loc xlink:type="locator" xlink:href="http://xbrl.ifrs.org/taxonomy/2020-03-16/full_ifrs/full_ifrs-cor_2020-03-16.xsd#ifrs-full_IncreaseDecreaseThroughExerciseOfWarrantsEquity" xlink:label="IncreaseDecreaseThroughExerciseOfWarrantsEquity" xlink:title="IncreaseDecreaseThroughExerciseOfWarrantsEquity"/><link:calculationArc xlink:type="arc" xlink:arcrole="http://www.xbrl.org/2003/arcrole/summation-item" xlink:from="IncreaseDecreaseThroughTransfersAndOtherChangesEquity" xlink:to="IncreaseDecreaseThroughExerciseOfWarrantsEquity" xlink:title="Calculation: IncreaseDecreaseThroughTransfersAndOtherChangesEquity to IncreaseDecreaseThroughExerciseOfWarrantsEquity" order="6.0" weight="1"/></link:calculationLink><link:calculationLink xlink:type="extended" xlink:role="http://xbrl.lundbeck.com/role/CashFlow"><link:loc xlink:type="locator" xlink:href="http://xbrl.ifrs.org/taxonomy/2020-03-16/full_ifrs/full_ifrs-cor_2020-03-16.xsd#ifrs-full_CashFlowsFromUsedInOperations" xlink:label="CashFlowsFromUsedInOperations" xlink:title="CashFlowsFromUsedInOperations"/><link:loc xlink:type="locator" xlink:href="http://xbrl.ifrs.org/taxonomy/2020-03-16/full_ifrs/full_ifrs-cor_2020-03-16.xsd#ifrs-full_ProfitLossFromOperatingActivities" xlink:label="ProfitLossFromOperatingActivities" xlink:title="ProfitLossFromOperatingActivities"/><link:calculationArc xlink:type="arc" xlink:arcrole="http://www.xbrl.org/2003/arcrole/summation-item" xlink:from="CashFlowsFromUsedInOperations" xlink:to="ProfitLossFromOperatingActivities" xlink:title="Calculation: CashFlowsFromUsedInOperations to ProfitLossFromOperatingActivities" order="1.0" weight="1"/><link:loc xlink:type="locator" xlink:href="http://xbrl.ifrs.org/taxonomy/2020-03-16/full_ifrs/full_ifrs-cor_2020-03-16.xsd#ifrs-full_AdjustmentsForDepreciationAndAmortisationExpenseAndImpairmentLossReversalOfImpairmentLossRecognisedInProfitOrLoss" xlink:label="AdjustmentsForDepreciationAndAmortisationExpenseAndImpairmentLossReversalOfImpairmentLossRecognisedInProfitOrLoss" xlink:title="AdjustmentsForDepreciationAndAmortisationExpenseAndImpairmentLossReversalOfImpairmentLossRecognisedInProfitOrLoss"/><link:calculationArc xlink:type="arc" xlink:arcrole="http://www.xbrl.org/2003/arcrole/summation-item" xlink:from="CashFlowsFromUsedInOperations" xlink:to="AdjustmentsForDepreciationAndAmortisationExpenseAndImpairmentLossReversalOfImpairmentLossRecognisedInProfitOrLoss" xlink:title="Calculation: CashFlowsFromUsedInOperations to AdjustmentsForDepreciationAndAmortisationExpenseAndImpairmentLossReversalOfImpairmentLossRecognisedInProfitOrLoss" order="2.0" weight="1"/><link:loc xlink:type="locator" xlink:href="http://xbrl.ifrs.org/taxonomy/2020-03-16/full_ifrs/full_ifrs-cor_2020-03-16.xsd#ifrs-full_AdjustmentsForSharebasedPayments" xlink:label="AdjustmentsForSharebasedPayments" xlink:title="AdjustmentsForSharebasedPayments"/><link:calculationArc xlink:type="arc" xlink:arcrole="http://www.xbrl.org/2003/arcrole/summation-item" xlink:from="CashFlowsFromUsedInOperations" xlink:to="AdjustmentsForSharebasedPayments" xlink:title="Calculation: CashFlowsFromUsedInOperations to AdjustmentsForSharebasedPayments" order="3.0" weight="1"/><link:loc xlink:type="locator" xlink:href="http://xbrl.ifrs.org/taxonomy/2020-03-16/full_ifrs/full_ifrs-cor_2020-03-16.xsd#ifrs-full_AdjustmentsForProvisions" xlink:label="AdjustmentsForProvisions" xlink:title="AdjustmentsForProvisions"/><link:calculationArc xlink:type="arc" xlink:arcrole="http://www.xbrl.org/2003/arcrole/summation-item" xlink:from="CashFlowsFromUsedInOperations" xlink:to="AdjustmentsForProvisions" xlink:title="Calculation: CashFlowsFromUsedInOperations to AdjustmentsForProvisions" order="4.0" weight="1"/><link:loc xlink:type="locator" xlink:href="http://xbrl.ifrs.org/taxonomy/2020-03-16/full_ifrs/full_ifrs-cor_2020-03-16.xsd#ifrs-full_OtherAdjustmentsToReconcileProfitLoss" xlink:label="OtherAdjustmentsToReconcileProfitLoss" xlink:title="OtherAdjustmentsToReconcileProfitLoss"/><link:calculationArc xlink:type="arc" xlink:arcrole="http://www.xbrl.org/2003/arcrole/summation-item" xlink:from="CashFlowsFromUsedInOperations" xlink:to="OtherAdjustmentsToReconcileProfitLoss" xlink:title="Calculation: CashFlowsFromUsedInOperations to OtherAdjustmentsToReconcileProfitLoss" order="5.0" weight="1"/><link:loc xlink:type="locator" xlink:href="http://xbrl.ifrs.org/taxonomy/2020-03-16/full_ifrs/full_ifrs-cor_2020-03-16.xsd#ifrs-full_AdjustmentsForDecreaseIncreaseInInventories" xlink:label="AdjustmentsForDecreaseIncreaseInInventories" xlink:title="AdjustmentsForDecreaseIncreaseInInventories"/><link:calculationArc xlink:type="arc" xlink:arcrole="http://www.xbrl.org/2003/arcrole/summation-item" xlink:from="CashFlowsFromUsedInOperations" xlink:to="AdjustmentsForDecreaseIncreaseInInventories" xlink:title="Calculation: CashFlowsFromUsedInOperations to AdjustmentsForDecreaseIncreaseInInventories" order="6.0" weight="1"/><link:loc xlink:type="locator" xlink:href="http://xbrl.ifrs.org/taxonomy/2020-03-16/full_ifrs/full_ifrs-cor_2020-03-16.xsd#ifrs-full_AdjustmentsForDecreaseIncreaseInTradeAndOtherReceivables" xlink:label="AdjustmentsForDecreaseIncreaseInTradeAndOtherReceivables" xlink:title="AdjustmentsForDecreaseIncreaseInTradeAndOtherReceivables"/><link:calculationArc xlink:type="arc" xlink:arcrole="http://www.xbrl.org/2003/arcrole/summation-item" xlink:from="CashFlowsFromUsedInOperations" xlink:to="AdjustmentsForDecreaseIncreaseInTradeAndOtherReceivables" xlink:title="Calculation: CashFlowsFromUsedInOperations to AdjustmentsForDecreaseIncreaseInTradeAndOtherReceivables" order="7.0" weight="1"/><link:loc xlink:type="locator" xlink:href="http://xbrl.ifrs.org/taxonomy/2020-03-16/full_ifrs/full_ifrs-cor_2020-03-16.xsd#ifrs-full_AdjustmentsForIncreaseDecreaseInTradeAndOtherPayables" xlink:label="AdjustmentsForIncreaseDecreaseInTradeAndOtherPayables" xlink:title="AdjustmentsForIncreaseDecreaseInTradeAndOtherPayables"/><link:calculationArc xlink:type="arc" xlink:arcrole="http://www.xbrl.org/2003/arcrole/summation-item" xlink:from="CashFlowsFromUsedInOperations" xlink:to="AdjustmentsForIncreaseDecreaseInTradeAndOtherPayables" xlink:title="Calculation: CashFlowsFromUsedInOperations to AdjustmentsForIncreaseDecreaseInTradeAndOtherPayables" order="8.0" weight="1"/><link:loc xlink:type="locator" xlink:href="HLUNDBECK-2021-12-31.xsd#HLU_CashFlowsFromUsedInOperatingActivitiesBeforeTax" xlink:label="CashFlowsFromUsedInOperatingActivitiesBeforeTax" xlink:title="CashFlowsFromUsedInOperatingActivitiesBeforeTax"/><link:calculationArc xlink:type="arc" xlink:arcrole="http://www.xbrl.org/2003/arcrole/summation-item" xlink:from="CashFlowsFromUsedInOperatingActivitiesBeforeTax" xlink:to="CashFlowsFromUsedInOperations" xlink:title="Calculation: CashFlowsFromUsedInOperatingActivitiesBeforeTax to CashFlowsFromUsedInOperations" order="1.0" weight="1"/><link:loc xlink:type="locator" xlink:href="http://xbrl.ifrs.org/taxonomy/2020-03-16/full_ifrs/full_ifrs-cor_2020-03-16.xsd#ifrs-full_FinanceIncomeReceivedClassifiedAsOperatingActivities" xlink:label="FinanceIncomeReceivedClassifiedAsOperatingActivities" xlink:title="FinanceIncomeReceivedClassifiedAsOperatingActivities"/><link:calculationArc xlink:type="arc" xlink:arcrole="http://www.xbrl.org/2003/arcrole/summation-item" xlink:from="CashFlowsFromUsedInOperatingActivitiesBeforeTax" xlink:to="FinanceIncomeReceivedClassifiedAsOperatingActivities" xlink:title="Calculation: CashFlowsFromUsedInOperatingActivitiesBeforeTax to FinanceIncomeReceivedClassifiedAsOperatingActivities" order="2.0" weight="1"/><link:loc xlink:type="locator" xlink:href="http://xbrl.ifrs.org/taxonomy/2020-03-16/full_ifrs/full_ifrs-cor_2020-03-16.xsd#ifrs-full_FinanceCostsPaidClassifiedAsOperatingActivities" xlink:label="FinanceCostsPaidClassifiedAsOperatingActivities" xlink:title="FinanceCostsPaidClassifiedAsOperatingActivities"/><link:calculationArc xlink:type="arc" xlink:arcrole="http://www.xbrl.org/2003/arcrole/summation-item" xlink:from="CashFlowsFromUsedInOperatingActivitiesBeforeTax" xlink:to="FinanceCostsPaidClassifiedAsOperatingActivities" xlink:title="Calculation: CashFlowsFromUsedInOperatingActivitiesBeforeTax to FinanceCostsPaidClassifiedAsOperatingActivities" order="3.0" weight="-1"/><link:loc xlink:type="locator" xlink:href="http://xbrl.ifrs.org/taxonomy/2020-03-16/full_ifrs/full_ifrs-cor_2020-03-16.xsd#ifrs-full_CashFlowsFromUsedInOperatingActivities" xlink:label="CashFlowsFromUsedInOperatingActivities" xlink:title="CashFlowsFromUsedInOperatingActivities"/><link:calculationArc xlink:type="arc" xlink:arcrole="http://www.xbrl.org/2003/arcrole/summation-item" xlink:from="CashFlowsFromUsedInOperatingActivities" xlink:to="CashFlowsFromUsedInOperatingActivitiesBeforeTax" xlink:title="Calculation: CashFlowsFromUsedInOperatingActivities to CashFlowsFromUsedInOperatingActivitiesBeforeTax" order="1.0" weight="1"/><link:loc xlink:type="locator" xlink:href="http://xbrl.ifrs.org/taxonomy/2020-03-16/full_ifrs/full_ifrs-cor_2020-03-16.xsd#ifrs-full_IncomeTaxesPaidClassifiedAsOperatingActivities" xlink:label="IncomeTaxesPaidClassifiedAsOperatingActivities" xlink:title="IncomeTaxesPaidClassifiedAsOperatingActivities"/><link:calculationArc xlink:type="arc" xlink:arcrole="http://www.xbrl.org/2003/arcrole/summation-item" xlink:from="CashFlowsFromUsedInOperatingActivities" xlink:to="IncomeTaxesPaidClassifiedAsOperatingActivities" xlink:title="Calculation: CashFlowsFromUsedInOperatingActivities to IncomeTaxesPaidClassifiedAsOperatingActivities" order="2.0" weight="-1"/><link:loc xlink:type="locator" xlink:href="http://xbrl.ifrs.org/taxonomy/2020-03-16/full_ifrs/full_ifrs-cor_2020-03-16.xsd#ifrs-full_CashFlowsFromUsedInInvestingActivities" xlink:label="CashFlowsFromUsedInInvestingActivities" xlink:title="CashFlowsFromUsedInInvestingActivities"/><link:loc xlink:type="locator" xlink:href="http://xbrl.ifrs.org/taxonomy/2020-03-16/full_ifrs/full_ifrs-cor_2020-03-16.xsd#ifrs-full_PurchaseOfIntangibleAssetsClassifiedAsInvestingActivities" xlink:label="PurchaseOfIntangibleAssetsClassifiedAsInvestingActivities" xlink:title="PurchaseOfIntangibleAssetsClassifiedAsInvestingActivities"/><link:calculationArc xlink:type="arc" xlink:arcrole="http://www.xbrl.org/2003/arcrole/summation-item" xlink:from="CashFlowsFromUsedInInvestingActivities" xlink:to="PurchaseOfIntangibleAssetsClassifiedAsInvestingActivities" xlink:title="Calculation: CashFlowsFromUsedInInvestingActivities to PurchaseOfIntangibleAssetsClassifiedAsInvestingActivities" order="1.0" weight="-1"/><link:loc xlink:type="locator" xlink:href="http://xbrl.ifrs.org/taxonomy/2020-03-16/full_ifrs/full_ifrs-cor_2020-03-16.xsd#ifrs-full_PurchaseOfPropertyPlantAndEquipmentClassifiedAsInvestingActivities" xlink:label="PurchaseOfPropertyPlantAndEquipmentClassifiedAsInvestingActivities" xlink:title="PurchaseOfPropertyPlantAndEquipmentClassifiedAsInvestingActivities"/><link:calculationArc xlink:type="arc" xlink:arcrole="http://www.xbrl.org/2003/arcrole/summation-item" xlink:from="CashFlowsFromUsedInInvestingActivities" xlink:to="PurchaseOfPropertyPlantAndEquipmentClassifiedAsInvestingActivities" xlink:title="Calculation: CashFlowsFromUsedInInvestingActivities to PurchaseOfPropertyPlantAndEquipmentClassifiedAsInvestingActivities" order="2.0" weight="-1"/><link:loc xlink:type="locator" xlink:href="http://xbrl.ifrs.org/taxonomy/2020-03-16/full_ifrs/full_ifrs-cor_2020-03-16.xsd#ifrs-full_ProceedsFromSalesOfPropertyPlantAndEquipmentClassifiedAsInvestingActivities" xlink:label="ProceedsFromSalesOfPropertyPlantAndEquipmentClassifiedAsInvestingActivities" xlink:title="ProceedsFromSalesOfPropertyPlantAndEquipmentClassifiedAsInvestingActivities"/><link:calculationArc xlink:type="arc" xlink:arcrole="http://www.xbrl.org/2003/arcrole/summation-item" xlink:from="CashFlowsFromUsedInInvestingActivities" xlink:to="ProceedsFromSalesOfPropertyPlantAndEquipmentClassifiedAsInvestingActivities" xlink:title="Calculation: CashFlowsFromUsedInInvestingActivities to ProceedsFromSalesOfPropertyPlantAndEquipmentClassifiedAsInvestingActivities" order="3.0" weight="1"/><link:loc xlink:type="locator" xlink:href="HLUNDBECK-2021-12-31.xsd#HLU_PurchaseOfOtherFinancialAssetsClassifiedAsInvestingActivities" xlink:label="PurchaseOfOtherFinancialAssetsClassifiedAsInvestingActivities" xlink:title="PurchaseOfOtherFinancialAssetsClassifiedAsInvestingActivities"/><link:calculationArc xlink:type="arc" xlink:arcrole="http://www.xbrl.org/2003/arcrole/summation-item" xlink:from="CashFlowsFromUsedInInvestingActivities" xlink:to="PurchaseOfOtherFinancialAssetsClassifiedAsInvestingActivities" xlink:title="Calculation: CashFlowsFromUsedInInvestingActivities to PurchaseOfOtherFinancialAssetsClassifiedAsInvestingActivities" order="4.0" weight="-1"/><link:loc xlink:type="locator" xlink:href="HLUNDBECK-2021-12-31.xsd#HLU_ProceedsFromSalesOfOtherFinancialAssetsClassifiedAsInvestingActivities" xlink:label="ProceedsFromSalesOfOtherFinancialAssetsClassifiedAsInvestingActivities" xlink:title="ProceedsFromSalesOfOtherFinancialAssetsClassifiedAsInvestingActivities"/><link:calculationArc xlink:type="arc" xlink:arcrole="http://www.xbrl.org/2003/arcrole/summation-item" xlink:from="CashFlowsFromUsedInInvestingActivities" xlink:to="ProceedsFromSalesOfOtherFinancialAssetsClassifiedAsInvestingActivities" xlink:title="Calculation: CashFlowsFromUsedInInvestingActivities to ProceedsFromSalesOfOtherFinancialAssetsClassifiedAsInvestingActivities" order="5.0" weight="1"/><link:loc xlink:type="locator" xlink:href="HLUNDBECK-2021-12-31.xsd#HLU_CashFlowsFromUsedInOperatingAndInvestingActivities" xlink:label="CashFlowsFromUsedInOperatingAndInvestingActivities" xlink:title="CashFlowsFromUsedInOperatingAndInvestingActivities"/><link:calculationArc xlink:type="arc" xlink:arcrole="http://www.xbrl.org/2003/arcrole/summation-item" xlink:from="CashFlowsFromUsedInOperatingAndInvestingActivities" xlink:to="CashFlowsFromUsedInInvestingActivities" xlink:title="Calculation: CashFlowsFromUsedInOperatingAndInvestingActivities to CashFlowsFromUsedInInvestingActivities" order="1.0" weight="1"/><link:calculationArc xlink:type="arc" xlink:arcrole="http://www.xbrl.org/2003/arcrole/summation-item" xlink:from="CashFlowsFromUsedInOperatingAndInvestingActivities" xlink:to="CashFlowsFromUsedInOperatingActivities" xlink:title="Calculation: CashFlowsFromUsedInOperatingAndInvestingActivities to CashFlowsFromUsedInOperatingActivities" order="2.0" weight="1"/><link:loc xlink:type="locator" xlink:href="http://xbrl.ifrs.org/taxonomy/2020-03-16/full_ifrs/full_ifrs-cor_2020-03-16.xsd#ifrs-full_CashFlowsFromUsedInFinancingActivities" xlink:label="CashFlowsFromUsedInFinancingActivities" xlink:title="CashFlowsFromUsedInFinancingActivities"/><link:loc xlink:type="locator" xlink:href="http://xbrl.ifrs.org/taxonomy/2020-03-16/full_ifrs/full_ifrs-cor_2020-03-16.xsd#ifrs-full_ProceedsFromBorrowingsClassifiedAsFinancingActivities" xlink:label="ProceedsFromBorrowingsClassifiedAsFinancingActivities" xlink:title="ProceedsFromBorrowingsClassifiedAsFinancingActivities"/><link:calculationArc xlink:type="arc" xlink:arcrole="http://www.xbrl.org/2003/arcrole/summation-item" xlink:from="CashFlowsFromUsedInFinancingActivities" xlink:to="ProceedsFromBorrowingsClassifiedAsFinancingActivities" xlink:title="Calculation: CashFlowsFromUsedInFinancingActivities to ProceedsFromBorrowingsClassifiedAsFinancingActivities" order="1.0" weight="1"/><link:loc xlink:type="locator" xlink:href="http://xbrl.ifrs.org/taxonomy/2020-03-16/full_ifrs/full_ifrs-cor_2020-03-16.xsd#ifrs-full_RepaymentsOfBorrowingsClassifiedAsFinancingActivities" xlink:label="RepaymentsOfBorrowingsClassifiedAsFinancingActivities" xlink:title="RepaymentsOfBorrowingsClassifiedAsFinancingActivities"/><link:calculationArc xlink:type="arc" xlink:arcrole="http://www.xbrl.org/2003/arcrole/summation-item" xlink:from="CashFlowsFromUsedInFinancingActivities" xlink:to="RepaymentsOfBorrowingsClassifiedAsFinancingActivities" xlink:title="Calculation: CashFlowsFromUsedInFinancingActivities to RepaymentsOfBorrowingsClassifiedAsFinancingActivities" order="2.0" weight="-1"/><link:loc xlink:type="locator" xlink:href="http://xbrl.ifrs.org/taxonomy/2020-03-16/full_ifrs/full_ifrs-cor_2020-03-16.xsd#ifrs-full_PaymentsOfLeaseLiabilitiesClassifiedAsFinancingActivities" xlink:label="PaymentsOfLeaseLiabilitiesClassifiedAsFinancingActivities" xlink:title="PaymentsOfLeaseLiabilitiesClassifiedAsFinancingActivities"/><link:calculationArc xlink:type="arc" xlink:arcrole="http://www.xbrl.org/2003/arcrole/summation-item" xlink:from="CashFlowsFromUsedInFinancingActivities" xlink:to="PaymentsOfLeaseLiabilitiesClassifiedAsFinancingActivities" xlink:title="Calculation: CashFlowsFromUsedInFinancingActivities to PaymentsOfLeaseLiabilitiesClassifiedAsFinancingActivities" order="3.0" weight="-1"/><link:loc xlink:type="locator" xlink:href="http://xbrl.ifrs.org/taxonomy/2020-03-16/full_ifrs/full_ifrs-cor_2020-03-16.xsd#ifrs-full_PaymentsToAcquireOrRedeemEntitysShares" xlink:label="PaymentsToAcquireOrRedeemEntitysShares" xlink:title="PaymentsToAcquireOrRedeemEntitysShares"/><link:calculationArc xlink:type="arc" xlink:arcrole="http://www.xbrl.org/2003/arcrole/summation-item" xlink:from="CashFlowsFromUsedInFinancingActivities" xlink:to="PaymentsToAcquireOrRedeemEntitysShares" xlink:title="Calculation: CashFlowsFromUsedInFinancingActivities to PaymentsToAcquireOrRedeemEntitysShares" order="4.0" weight="-1"/><link:loc xlink:type="locator" xlink:href="HLUNDBECK-2021-12-31.xsd#HLU_ProceedsFromExerciseOfWarrantsClassifiedAsFinancingActivities" xlink:label="ProceedsFromExerciseOfWarrantsClassifiedAsFinancingActivities" xlink:title="ProceedsFromExerciseOfWarrantsClassifiedAsFinancingActivities"/><link:calculationArc xlink:type="arc" xlink:arcrole="http://www.xbrl.org/2003/arcrole/summation-item" xlink:from="CashFlowsFromUsedInFinancingActivities" xlink:to="ProceedsFromExerciseOfWarrantsClassifiedAsFinancingActivities" xlink:title="Calculation: CashFlowsFromUsedInFinancingActivities to ProceedsFromExerciseOfWarrantsClassifiedAsFinancingActivities" order="5.0" weight="1"/><link:loc xlink:type="locator" xlink:href="http://xbrl.ifrs.org/taxonomy/2020-03-16/full_ifrs/full_ifrs-cor_2020-03-16.xsd#ifrs-full_DividendsPaidClassifiedAsFinancingActivities" xlink:label="DividendsPaidClassifiedAsFinancingActivities" xlink:title="DividendsPaidClassifiedAsFinancingActivities"/><link:calculationArc xlink:type="arc" xlink:arcrole="http://www.xbrl.org/2003/arcrole/summation-item" xlink:from="CashFlowsFromUsedInFinancingActivities" xlink:to="DividendsPaidClassifiedAsFinancingActivities" xlink:title="Calculation: CashFlowsFromUsedInFinancingActivities to DividendsPaidClassifiedAsFinancingActivities" order="6.0" weight="-1"/><link:loc xlink:type="locator" xlink:href="http://xbrl.ifrs.org/taxonomy/2020-03-16/full_ifrs/full_ifrs-cor_2020-03-16.xsd#ifrs-full_IncreaseDecreaseInCashAndCashEquivalentsBeforeEffectOfExchangeRateChanges" xlink:label="IncreaseDecreaseInCashAndCashEquivalentsBeforeEffectOfExchangeRateChanges" xlink:title="IncreaseDecreaseInCashAndCashEquivalentsBeforeEffectOfExchangeRateChanges"/><link:calculationArc xlink:type="arc" xlink:arcrole="http://www.xbrl.org/2003/arcrole/summation-item" xlink:from="IncreaseDecreaseInCashAndCashEquivalentsBeforeEffectOfExchangeRateChanges" xlink:to="CashFlowsFromUsedInFinancingActivities" xlink:title="Calculation: IncreaseDecreaseInCashAndCashEquivalentsBeforeEffectOfExchangeRateChanges to CashFlowsFromUsedInFinancingActivities" order="1.0" weight="1"/><link:calculationArc xlink:type="arc" xlink:arcrole="http://www.xbrl.org/2003/arcrole/summation-item" xlink:from="IncreaseDecreaseInCashAndCashEquivalentsBeforeEffectOfExchangeRateChanges" xlink:to="CashFlowsFromUsedInOperatingAndInvestingActivities" xlink:title="Calculation: IncreaseDecreaseInCashAndCashEquivalentsBeforeEffectOfExchangeRateChanges to CashFlowsFromUsedInOperatingAndInvestingActivities" order="2.0" weight="1"/></link:calculationLink></link:linkbase>