<?xml version="1.0" encoding ="UTF-8"?><link:linkbase xmlns:xsi="http://www.w3.org/2001/XMLSchema-instance" xsi:schemaLocation="http://www.xbrl.org/2003/linkbase http://www.xbrl.org/2003/xbrl-linkbase-2003-12-31.xsd" xmlns:link="http://www.xbrl.org/2003/linkbase" xmlns:xbrli="http://www.xbrl.org/2003/instance" xmlns:xlink="http://www.w3.org/1999/xlink" xmlns:xbrldt="http://xbrl.org/2005/xbrldt"><link:roleRef roleURI="http://xbrl.lundbeck.com/role/GeneralData" xlink:type="simple" xlink:href="HLUNDBECK-2021-12-31.xsd#GeneralData"/><link:roleRef roleURI="http://xbrl.lundbeck.com/role/IncomeStatement" xlink:type="simple" xlink:href="HLUNDBECK-2021-12-31.xsd#IncomeStatement"/><link:roleRef roleURI="http://xbrl.lundbeck.com/role/ComprehensiveIncome" xlink:type="simple" xlink:href="HLUNDBECK-2021-12-31.xsd#ComprehensiveIncome"/><link:roleRef roleURI="http://xbrl.lundbeck.com/role/FinancialPosition" xlink:type="simple" xlink:href="HLUNDBECK-2021-12-31.xsd#FinancialPosition"/><link:roleRef roleURI="http://xbrl.lundbeck.com/role/ChangesinEquity" xlink:type="simple" xlink:href="HLUNDBECK-2021-12-31.xsd#ChangesinEquity"/><link:roleRef roleURI="http://xbrl.lundbeck.com/role/CashFlow" xlink:type="simple" xlink:href="HLUNDBECK-2021-12-31.xsd#CashFlow"/><link:presentationLink xlink:type="extended" xlink:role="http://xbrl.lundbeck.com/role/GeneralData"><link:loc xlink:type="locator" xlink:href="http://www.esma.europa.eu/taxonomy/2020-03-16/esef_cor.xsd#esef_cor_NotesAccountingPoliciesAndMandatoryTags" xlink:label="NotesAccountingPoliciesAndMandatoryTags" xlink:title="NotesAccountingPoliciesAndMandatoryTags"/><link:loc xlink:type="locator" xlink:href="http://xbrl.ifrs.org/taxonomy/2020-03-16/full_ifrs/full_ifrs-cor_2020-03-16.xsd#ifrs-full_PrincipalPlaceOfBusiness" xlink:label="PrincipalPlaceOfBusiness" xlink:title="PrincipalPlaceOfBusiness"/><link:presentationArc xlink:type="arc" xlink:arcrole="http://www.xbrl.org/2003/arcrole/parent-child" xlink:from="NotesAccountingPoliciesAndMandatoryTags" xlink:to="PrincipalPlaceOfBusiness" xlink:title="Presentation: NotesAccountingPoliciesAndMandatoryTags to PrincipalPlaceOfBusiness" order="1.0" preferredLabel="http://www.xbrl.org/2003/role/label"/><link:loc xlink:type="locator" xlink:href="http://xbrl.ifrs.org/taxonomy/2020-03-16/full_ifrs/full_ifrs-cor_2020-03-16.xsd#ifrs-full_NameOfReportingEntityOrOtherMeansOfIdentification" xlink:label="NameOfReportingEntityOrOtherMeansOfIdentification" xlink:title="NameOfReportingEntityOrOtherMeansOfIdentification"/><link:presentationArc xlink:type="arc" xlink:arcrole="http://www.xbrl.org/2003/arcrole/parent-child" xlink:from="NotesAccountingPoliciesAndMandatoryTags" xlink:to="NameOfReportingEntityOrOtherMeansOfIdentification" xlink:title="Presentation: NotesAccountingPoliciesAndMandatoryTags to NameOfReportingEntityOrOtherMeansOfIdentification" order="2.0" preferredLabel="http://www.xbrl.org/2003/role/label"/><link:loc xlink:type="locator" xlink:href="http://xbrl.ifrs.org/taxonomy/2020-03-16/full_ifrs/full_ifrs-cor_2020-03-16.xsd#ifrs-full_DomicileOfEntity" xlink:label="DomicileOfEntity" xlink:title="DomicileOfEntity"/><link:presentationArc xlink:type="arc" xlink:arcrole="http://www.xbrl.org/2003/arcrole/parent-child" xlink:from="NotesAccountingPoliciesAndMandatoryTags" xlink:to="DomicileOfEntity" xlink:title="Presentation: NotesAccountingPoliciesAndMandatoryTags to DomicileOfEntity" order="3.0" preferredLabel="http://www.xbrl.org/2003/role/label"/><link:loc xlink:type="locator" xlink:href="http://xbrl.ifrs.org/taxonomy/2020-03-16/full_ifrs/full_ifrs-cor_2020-03-16.xsd#ifrs-full_AddressOfRegisteredOfficeOfEntity" xlink:label="AddressOfRegisteredOfficeOfEntity" xlink:title="AddressOfRegisteredOfficeOfEntity"/><link:presentationArc xlink:type="arc" xlink:arcrole="http://www.xbrl.org/2003/arcrole/parent-child" xlink:from="NotesAccountingPoliciesAndMandatoryTags" xlink:to="AddressOfRegisteredOfficeOfEntity" xlink:title="Presentation: NotesAccountingPoliciesAndMandatoryTags to AddressOfRegisteredOfficeOfEntity" order="4.0" preferredLabel="http://www.xbrl.org/2003/role/label"/><link:loc xlink:type="locator" xlink:href="http://xbrl.ifrs.org/taxonomy/2020-03-16/full_ifrs/full_ifrs-cor_2020-03-16.xsd#ifrs-full_DescriptionOfNatureOfEntitysOperationsAndPrincipalActivities" xlink:label="DescriptionOfNatureOfEntitysOperationsAndPrincipalActivities" xlink:title="DescriptionOfNatureOfEntitysOperationsAndPrincipalActivities"/><link:presentationArc xlink:type="arc" xlink:arcrole="http://www.xbrl.org/2003/arcrole/parent-child" xlink:from="NotesAccountingPoliciesAndMandatoryTags" xlink:to="DescriptionOfNatureOfEntitysOperationsAndPrincipalActivities" xlink:title="Presentation: NotesAccountingPoliciesAndMandatoryTags to DescriptionOfNatureOfEntitysOperationsAndPrincipalActivities" order="5.0" preferredLabel="http://www.xbrl.org/2003/role/label"/><link:loc xlink:type="locator" xlink:href="http://xbrl.ifrs.org/taxonomy/2020-03-16/full_ifrs/full_ifrs-cor_2020-03-16.xsd#ifrs-full_CountryOfIncorporation" xlink:label="CountryOfIncorporation" xlink:title="CountryOfIncorporation"/><link:presentationArc xlink:type="arc" xlink:arcrole="http://www.xbrl.org/2003/arcrole/parent-child" xlink:from="NotesAccountingPoliciesAndMandatoryTags" xlink:to="CountryOfIncorporation" xlink:title="Presentation: NotesAccountingPoliciesAndMandatoryTags to CountryOfIncorporation" order="6.0" preferredLabel="http://www.xbrl.org/2003/role/label"/><link:loc xlink:type="locator" xlink:href="http://xbrl.ifrs.org/taxonomy/2020-03-16/full_ifrs/full_ifrs-cor_2020-03-16.xsd#ifrs-full_LegalFormOfEntity" xlink:label="LegalFormOfEntity" xlink:title="LegalFormOfEntity"/><link:presentationArc xlink:type="arc" xlink:arcrole="http://www.xbrl.org/2003/arcrole/parent-child" xlink:from="NotesAccountingPoliciesAndMandatoryTags" xlink:to="LegalFormOfEntity" xlink:title="Presentation: NotesAccountingPoliciesAndMandatoryTags to LegalFormOfEntity" order="7.0" preferredLabel="http://www.xbrl.org/2003/role/label"/><link:loc xlink:type="locator" xlink:href="http://xbrl.ifrs.org/taxonomy/2020-03-16/full_ifrs/full_ifrs-cor_2020-03-16.xsd#ifrs-full_NameOfUltimateParentOfGroup" xlink:label="NameOfUltimateParentOfGroup" xlink:title="NameOfUltimateParentOfGroup"/><link:presentationArc xlink:type="arc" xlink:arcrole="http://www.xbrl.org/2003/arcrole/parent-child" xlink:from="NotesAccountingPoliciesAndMandatoryTags" xlink:to="NameOfUltimateParentOfGroup" xlink:title="Presentation: NotesAccountingPoliciesAndMandatoryTags to NameOfUltimateParentOfGroup" order="8.0" preferredLabel="http://www.xbrl.org/2003/role/label"/><link:loc xlink:type="locator" xlink:href="http://xbrl.ifrs.org/taxonomy/2020-03-16/full_ifrs/full_ifrs-cor_2020-03-16.xsd#ifrs-full_NameOfParentEntity" xlink:label="NameOfParentEntity" xlink:title="NameOfParentEntity"/><link:presentationArc xlink:type="arc" xlink:arcrole="http://www.xbrl.org/2003/arcrole/parent-child" xlink:from="NotesAccountingPoliciesAndMandatoryTags" xlink:to="NameOfParentEntity" xlink:title="Presentation: NotesAccountingPoliciesAndMandatoryTags to NameOfParentEntity" order="9.0" preferredLabel="http://www.xbrl.org/2003/role/label"/></link:presentationLink><link:presentationLink xlink:type="extended" xlink:role="http://xbrl.lundbeck.com/role/IncomeStatement"><link:loc xlink:type="locator" xlink:href="http://xbrl.ifrs.org/taxonomy/2020-03-16/full_ifrs/full_ifrs-cor_2020-03-16.xsd#ifrs-full_IncomeStatementAbstract" xlink:label="IncomeStatementAbstract" xlink:title="IncomeStatementAbstract"/><link:loc xlink:type="locator" xlink:href="http://xbrl.ifrs.org/taxonomy/2020-03-16/full_ifrs/full_ifrs-cor_2020-03-16.xsd#ifrs-full_Revenue" xlink:label="Revenue" xlink:title="Revenue"/><link:presentationArc xlink:type="arc" xlink:arcrole="http://www.xbrl.org/2003/arcrole/parent-child" xlink:from="IncomeStatementAbstract" xlink:to="Revenue" xlink:title="Presentation: IncomeStatementAbstract to Revenue" order="1.0" preferredLabel="http://www.xbrl.org/2003/role/label"/><link:loc xlink:type="locator" xlink:href="http://xbrl.ifrs.org/taxonomy/2020-03-16/full_ifrs/full_ifrs-cor_2020-03-16.xsd#ifrs-full_CostOfSales" xlink:label="CostOfSales" xlink:title="CostOfSales"/><link:presentationArc xlink:type="arc" xlink:arcrole="http://www.xbrl.org/2003/arcrole/parent-child" xlink:from="IncomeStatementAbstract" xlink:to="CostOfSales" xlink:title="Presentation: IncomeStatementAbstract to CostOfSales" order="2.0" preferredLabel="http://www.xbrl.org/2003/role/label"/><link:loc xlink:type="locator" xlink:href="http://xbrl.ifrs.org/taxonomy/2020-03-16/full_ifrs/full_ifrs-cor_2020-03-16.xsd#ifrs-full_GrossProfit" xlink:label="GrossProfit" xlink:title="GrossProfit"/><link:presentationArc xlink:type="arc" xlink:arcrole="http://www.xbrl.org/2003/arcrole/parent-child" xlink:from="IncomeStatementAbstract" xlink:to="GrossProfit" xlink:title="Presentation: IncomeStatementAbstract to GrossProfit" order="3.0" preferredLabel="http://www.xbrl.org/2003/role/totalLabel"/><link:loc xlink:type="locator" xlink:href="HLUNDBECK-2021-12-31.xsd#HLU_SellingExpenseAndDistributionCosts" xlink:label="SellingExpenseAndDistributionCosts" xlink:title="SellingExpenseAndDistributionCosts"/><link:presentationArc xlink:type="arc" xlink:arcrole="http://www.xbrl.org/2003/arcrole/parent-child" xlink:from="IncomeStatementAbstract" xlink:to="SellingExpenseAndDistributionCosts" xlink:title="Presentation: IncomeStatementAbstract to SellingExpenseAndDistributionCosts" order="4.0" preferredLabel="http://www.xbrl.org/2003/role/label"/><link:loc xlink:type="locator" xlink:href="http://xbrl.ifrs.org/taxonomy/2020-03-16/full_ifrs/full_ifrs-cor_2020-03-16.xsd#ifrs-full_AdministrativeExpense" xlink:label="AdministrativeExpense" xlink:title="AdministrativeExpense"/><link:presentationArc xlink:type="arc" xlink:arcrole="http://www.xbrl.org/2003/arcrole/parent-child" xlink:from="IncomeStatementAbstract" xlink:to="AdministrativeExpense" xlink:title="Presentation: IncomeStatementAbstract to AdministrativeExpense" order="5.0" preferredLabel="http://www.xbrl.org/2003/role/label"/><link:loc xlink:type="locator" xlink:href="http://xbrl.ifrs.org/taxonomy/2020-03-16/full_ifrs/full_ifrs-cor_2020-03-16.xsd#ifrs-full_ResearchAndDevelopmentExpense" xlink:label="ResearchAndDevelopmentExpense" xlink:title="ResearchAndDevelopmentExpense"/><link:presentationArc xlink:type="arc" xlink:arcrole="http://www.xbrl.org/2003/arcrole/parent-child" xlink:from="IncomeStatementAbstract" xlink:to="ResearchAndDevelopmentExpense" xlink:title="Presentation: IncomeStatementAbstract to ResearchAndDevelopmentExpense" order="6.0" preferredLabel="http://www.xbrl.org/2003/role/label"/><link:loc xlink:type="locator" xlink:href="http://xbrl.ifrs.org/taxonomy/2020-03-16/full_ifrs/full_ifrs-cor_2020-03-16.xsd#ifrs-full_OtherOperatingIncomeExpense" xlink:label="OtherOperatingIncomeExpense" xlink:title="OtherOperatingIncomeExpense"/><link:presentationArc xlink:type="arc" xlink:arcrole="http://www.xbrl.org/2003/arcrole/parent-child" xlink:from="IncomeStatementAbstract" xlink:to="OtherOperatingIncomeExpense" xlink:title="Presentation: IncomeStatementAbstract to OtherOperatingIncomeExpense" order="7.0" preferredLabel="http://www.xbrl.org/2003/role/label"/><link:loc xlink:type="locator" xlink:href="http://xbrl.ifrs.org/taxonomy/2020-03-16/full_ifrs/full_ifrs-cor_2020-03-16.xsd#ifrs-full_ProfitLossFromOperatingActivities" xlink:label="ProfitLossFromOperatingActivities" xlink:title="ProfitLossFromOperatingActivities"/><link:presentationArc xlink:type="arc" xlink:arcrole="http://www.xbrl.org/2003/arcrole/parent-child" xlink:from="IncomeStatementAbstract" xlink:to="ProfitLossFromOperatingActivities" xlink:title="Presentation: IncomeStatementAbstract to ProfitLossFromOperatingActivities" order="8.0" preferredLabel="http://www.xbrl.org/2003/role/totalLabel"/><link:loc xlink:type="locator" xlink:href="http://xbrl.ifrs.org/taxonomy/2020-03-16/full_ifrs/full_ifrs-cor_2020-03-16.xsd#ifrs-full_FinanceIncome" xlink:label="FinanceIncome" xlink:title="FinanceIncome"/><link:presentationArc xlink:type="arc" xlink:arcrole="http://www.xbrl.org/2003/arcrole/parent-child" xlink:from="IncomeStatementAbstract" xlink:to="FinanceIncome" xlink:title="Presentation: IncomeStatementAbstract to FinanceIncome" order="9.0" preferredLabel="http://www.xbrl.org/2003/role/label"/><link:loc xlink:type="locator" xlink:href="http://xbrl.ifrs.org/taxonomy/2020-03-16/full_ifrs/full_ifrs-cor_2020-03-16.xsd#ifrs-full_FinanceCosts" xlink:label="FinanceCosts" xlink:title="FinanceCosts"/><link:presentationArc xlink:type="arc" xlink:arcrole="http://www.xbrl.org/2003/arcrole/parent-child" xlink:from="IncomeStatementAbstract" xlink:to="FinanceCosts" xlink:title="Presentation: IncomeStatementAbstract to FinanceCosts" order="10.0" preferredLabel="http://www.xbrl.org/2003/role/label"/><link:loc xlink:type="locator" xlink:href="http://xbrl.ifrs.org/taxonomy/2020-03-16/full_ifrs/full_ifrs-cor_2020-03-16.xsd#ifrs-full_ProfitLossBeforeTax" xlink:label="ProfitLossBeforeTax" xlink:title="ProfitLossBeforeTax"/><link:presentationArc xlink:type="arc" xlink:arcrole="http://www.xbrl.org/2003/arcrole/parent-child" xlink:from="IncomeStatementAbstract" xlink:to="ProfitLossBeforeTax" xlink:title="Presentation: IncomeStatementAbstract to ProfitLossBeforeTax" order="11.0" preferredLabel="http://www.xbrl.org/2003/role/totalLabel"/><link:loc xlink:type="locator" xlink:href="http://xbrl.ifrs.org/taxonomy/2020-03-16/full_ifrs/full_ifrs-cor_2020-03-16.xsd#ifrs-full_IncomeTaxExpenseContinuingOperations" xlink:label="IncomeTaxExpenseContinuingOperations" xlink:title="IncomeTaxExpenseContinuingOperations"/><link:presentationArc xlink:type="arc" xlink:arcrole="http://www.xbrl.org/2003/arcrole/parent-child" xlink:from="IncomeStatementAbstract" xlink:to="IncomeTaxExpenseContinuingOperations" xlink:title="Presentation: IncomeStatementAbstract to IncomeTaxExpenseContinuingOperations" order="12.0" preferredLabel="http://www.xbrl.org/2003/role/label"/><link:loc xlink:type="locator" xlink:href="http://xbrl.ifrs.org/taxonomy/2020-03-16/full_ifrs/full_ifrs-cor_2020-03-16.xsd#ifrs-full_ProfitLoss" xlink:label="ProfitLoss" xlink:title="ProfitLoss"/><link:presentationArc xlink:type="arc" xlink:arcrole="http://www.xbrl.org/2003/arcrole/parent-child" xlink:from="IncomeStatementAbstract" xlink:to="ProfitLoss" xlink:title="Presentation: IncomeStatementAbstract to ProfitLoss" order="13.0" preferredLabel="http://www.xbrl.org/2003/role/totalLabel"/><link:loc xlink:type="locator" xlink:href="http://xbrl.ifrs.org/taxonomy/2020-03-16/full_ifrs/full_ifrs-cor_2020-03-16.xsd#ifrs-full_BasicEarningsLossPerShare" xlink:label="BasicEarningsLossPerShare" xlink:title="BasicEarningsLossPerShare"/><link:presentationArc xlink:type="arc" xlink:arcrole="http://www.xbrl.org/2003/arcrole/parent-child" xlink:from="IncomeStatementAbstract" xlink:to="BasicEarningsLossPerShare" xlink:title="Presentation: IncomeStatementAbstract to BasicEarningsLossPerShare" order="14.0" preferredLabel="http://www.xbrl.org/2003/role/label"/><link:loc xlink:type="locator" xlink:href="http://xbrl.ifrs.org/taxonomy/2020-03-16/full_ifrs/full_ifrs-cor_2020-03-16.xsd#ifrs-full_DilutedEarningsLossPerShare" xlink:label="DilutedEarningsLossPerShare" xlink:title="DilutedEarningsLossPerShare"/><link:presentationArc xlink:type="arc" xlink:arcrole="http://www.xbrl.org/2003/arcrole/parent-child" xlink:from="IncomeStatementAbstract" xlink:to="DilutedEarningsLossPerShare" xlink:title="Presentation: IncomeStatementAbstract to DilutedEarningsLossPerShare" order="15.0" preferredLabel="http://www.xbrl.org/2003/role/label"/></link:presentationLink><link:presentationLink xlink:type="extended" xlink:role="http://xbrl.lundbeck.com/role/ComprehensiveIncome"><link:loc xlink:type="locator" xlink:href="http://xbrl.ifrs.org/taxonomy/2020-03-16/full_ifrs/full_ifrs-cor_2020-03-16.xsd#ifrs-full_StatementOfComprehensiveIncomeAbstract" xlink:label="StatementOfComprehensiveIncomeAbstract" xlink:title="StatementOfComprehensiveIncomeAbstract"/><link:loc xlink:type="locator" xlink:href="http://xbrl.ifrs.org/taxonomy/2020-03-16/full_ifrs/full_ifrs-cor_2020-03-16.xsd#ifrs-full_ProfitLoss" xlink:label="ProfitLoss" xlink:title="ProfitLoss"/><link:presentationArc xlink:type="arc" xlink:arcrole="http://www.xbrl.org/2003/arcrole/parent-child" xlink:from="StatementOfComprehensiveIncomeAbstract" xlink:to="ProfitLoss" xlink:title="Presentation: StatementOfComprehensiveIncomeAbstract to ProfitLoss" order="1.0" preferredLabel="http://www.xbrl.org/2003/role/label"/><link:loc xlink:type="locator" xlink:href="http://xbrl.ifrs.org/taxonomy/2020-03-16/full_ifrs/full_ifrs-cor_2020-03-16.xsd#ifrs-full_OtherComprehensiveIncomeBeforeTaxGainsLossesOnRemeasurementsOfDefinedBenefitPlans" xlink:label="OtherComprehensiveIncomeBeforeTaxGainsLossesOnRemeasurementsOfDefinedBenefitPlans" xlink:title="OtherComprehensiveIncomeBeforeTaxGainsLossesOnRemeasurementsOfDefinedBenefitPlans"/><link:presentationArc xlink:type="arc" xlink:arcrole="http://www.xbrl.org/2003/arcrole/parent-child" xlink:from="StatementOfComprehensiveIncomeAbstract" xlink:to="OtherComprehensiveIncomeBeforeTaxGainsLossesOnRemeasurementsOfDefinedBenefitPlans" xlink:title="Presentation: StatementOfComprehensiveIncomeAbstract to OtherComprehensiveIncomeBeforeTaxGainsLossesOnRemeasurementsOfDefinedBenefitPlans" order="2.0" preferredLabel="http://www.xbrl.org/2003/role/label"/><link:loc xlink:type="locator" xlink:href="http://xbrl.ifrs.org/taxonomy/2020-03-16/full_ifrs/full_ifrs-cor_2020-03-16.xsd#ifrs-full_IncomeTaxRelatingToComponentsOfOtherComprehensiveIncomeThatWillNotBeReclassifiedToProfitOrLoss" xlink:label="IncomeTaxRelatingToComponentsOfOtherComprehensiveIncomeThatWillNotBeReclassifiedToProfitOrLoss" xlink:title="IncomeTaxRelatingToComponentsOfOtherComprehensiveIncomeThatWillNotBeReclassifiedToProfitOrLoss"/><link:presentationArc xlink:type="arc" xlink:arcrole="http://www.xbrl.org/2003/arcrole/parent-child" xlink:from="StatementOfComprehensiveIncomeAbstract" xlink:to="IncomeTaxRelatingToComponentsOfOtherComprehensiveIncomeThatWillNotBeReclassifiedToProfitOrLoss" xlink:title="Presentation: StatementOfComprehensiveIncomeAbstract to IncomeTaxRelatingToComponentsOfOtherComprehensiveIncomeThatWillNotBeReclassifiedToProfitOrLoss" order="3.0" preferredLabel="http://www.xbrl.org/2003/role/label"/><link:loc xlink:type="locator" xlink:href="http://xbrl.ifrs.org/taxonomy/2020-03-16/full_ifrs/full_ifrs-cor_2020-03-16.xsd#ifrs-full_OtherComprehensiveIncomeThatWillNotBeReclassifiedToProfitOrLossNetOfTax" xlink:label="OtherComprehensiveIncomeThatWillNotBeReclassifiedToProfitOrLossNetOfTax" xlink:title="OtherComprehensiveIncomeThatWillNotBeReclassifiedToProfitOrLossNetOfTax"/><link:presentationArc xlink:type="arc" xlink:arcrole="http://www.xbrl.org/2003/arcrole/parent-child" xlink:from="StatementOfComprehensiveIncomeAbstract" xlink:to="OtherComprehensiveIncomeThatWillNotBeReclassifiedToProfitOrLossNetOfTax" xlink:title="Presentation: StatementOfComprehensiveIncomeAbstract to OtherComprehensiveIncomeThatWillNotBeReclassifiedToProfitOrLossNetOfTax" order="4.0" preferredLabel="http://www.xbrl.org/2003/role/totalLabel"/><link:loc xlink:type="locator" xlink:href="HLUNDBECK-2021-12-31.xsd#HLU_GainsLossesOnExchangeDifferencesOnTranslationOfForeignOperationsBeforeTax" xlink:label="GainsLossesOnExchangeDifferencesOnTranslationOfForeignOperationsBeforeTax" xlink:title="GainsLossesOnExchangeDifferencesOnTranslationOfForeignOperationsBeforeTax"/><link:presentationArc xlink:type="arc" xlink:arcrole="http://www.xbrl.org/2003/arcrole/parent-child" xlink:from="StatementOfComprehensiveIncomeAbstract" xlink:to="GainsLossesOnExchangeDifferencesOnTranslationOfForeignOperationsBeforeTax" xlink:title="Presentation: StatementOfComprehensiveIncomeAbstract to GainsLossesOnExchangeDifferencesOnTranslationOfForeignOperationsBeforeTax" order="5.0" preferredLabel="http://www.xbrl.org/2003/role/label"/><link:loc xlink:type="locator" xlink:href="HLUNDBECK-2021-12-31.xsd#HLU_GainsLossesOnExchangeDifferencesOnAdditionsToNetInvestmentsInForeignOperationsBeforeTax" xlink:label="GainsLossesOnExchangeDifferencesOnAdditionsToNetInvestmentsInForeignOperationsBeforeTax" xlink:title="GainsLossesOnExchangeDifferencesOnAdditionsToNetInvestmentsInForeignOperationsBeforeTax"/><link:presentationArc xlink:type="arc" xlink:arcrole="http://www.xbrl.org/2003/arcrole/parent-child" xlink:from="StatementOfComprehensiveIncomeAbstract" xlink:to="GainsLossesOnExchangeDifferencesOnAdditionsToNetInvestmentsInForeignOperationsBeforeTax" xlink:title="Presentation: StatementOfComprehensiveIncomeAbstract to GainsLossesOnExchangeDifferencesOnAdditionsToNetInvestmentsInForeignOperationsBeforeTax" order="6.0" preferredLabel="http://www.xbrl.org/2003/role/label"/><link:loc xlink:type="locator" xlink:href="http://xbrl.ifrs.org/taxonomy/2020-03-16/full_ifrs/full_ifrs-cor_2020-03-16.xsd#ifrs-full_GainsLossesOnHedgesOfNetInvestmentsInForeignOperationsBeforeTax" xlink:label="GainsLossesOnHedgesOfNetInvestmentsInForeignOperationsBeforeTax" xlink:title="GainsLossesOnHedgesOfNetInvestmentsInForeignOperationsBeforeTax"/><link:presentationArc xlink:type="arc" xlink:arcrole="http://www.xbrl.org/2003/arcrole/parent-child" xlink:from="StatementOfComprehensiveIncomeAbstract" xlink:to="GainsLossesOnHedgesOfNetInvestmentsInForeignOperationsBeforeTax" xlink:title="Presentation: StatementOfComprehensiveIncomeAbstract to GainsLossesOnHedgesOfNetInvestmentsInForeignOperationsBeforeTax" order="7.0" preferredLabel="http://www.xbrl.org/2003/role/label"/><link:loc xlink:type="locator" xlink:href="HLUNDBECK-2021-12-31.xsd#HLU_GainsLossesOnCashFlowHedgesBeforeTaxExchangeRate" xlink:label="GainsLossesOnCashFlowHedgesBeforeTaxExchangeRate" xlink:title="GainsLossesOnCashFlowHedgesBeforeTaxExchangeRate"/><link:presentationArc xlink:type="arc" xlink:arcrole="http://www.xbrl.org/2003/arcrole/parent-child" xlink:from="StatementOfComprehensiveIncomeAbstract" xlink:to="GainsLossesOnCashFlowHedgesBeforeTaxExchangeRate" xlink:title="Presentation: StatementOfComprehensiveIncomeAbstract to GainsLossesOnCashFlowHedgesBeforeTaxExchangeRate" order="8.0" preferredLabel="http://www.xbrl.org/2003/role/label"/><link:loc xlink:type="locator" xlink:href="HLUNDBECK-2021-12-31.xsd#HLU_GainsLossesOnCashFlowHedgesBeforeTaxInterestRate" xlink:label="GainsLossesOnCashFlowHedgesBeforeTaxInterestRate" xlink:title="GainsLossesOnCashFlowHedgesBeforeTaxInterestRate"/><link:presentationArc xlink:type="arc" xlink:arcrole="http://www.xbrl.org/2003/arcrole/parent-child" xlink:from="StatementOfComprehensiveIncomeAbstract" xlink:to="GainsLossesOnCashFlowHedgesBeforeTaxInterestRate" xlink:title="Presentation: StatementOfComprehensiveIncomeAbstract to GainsLossesOnCashFlowHedgesBeforeTaxInterestRate" order="9.0" preferredLabel="http://www.xbrl.org/2003/role/label"/><link:loc xlink:type="locator" xlink:href="HLUNDBECK-2021-12-31.xsd#HLU_ReclassificationAdjustmentsOnCashFlowHedgesBeforeTaxRevenue" xlink:label="ReclassificationAdjustmentsOnCashFlowHedgesBeforeTaxRevenue" xlink:title="ReclassificationAdjustmentsOnCashFlowHedgesBeforeTaxRevenue"/><link:presentationArc xlink:type="arc" xlink:arcrole="http://www.xbrl.org/2003/arcrole/parent-child" xlink:from="StatementOfComprehensiveIncomeAbstract" xlink:to="ReclassificationAdjustmentsOnCashFlowHedgesBeforeTaxRevenue" xlink:title="Presentation: StatementOfComprehensiveIncomeAbstract to ReclassificationAdjustmentsOnCashFlowHedgesBeforeTaxRevenue" order="10.0" preferredLabel="http://www.xbrl.org/2003/role/label"/><link:loc xlink:type="locator" xlink:href="http://xbrl.ifrs.org/taxonomy/2020-03-16/full_ifrs/full_ifrs-cor_2020-03-16.xsd#ifrs-full_IncomeTaxRelatingToComponentsOfOtherComprehensiveIncomeThatWillBeReclassifiedToProfitOrLoss" xlink:label="IncomeTaxRelatingToComponentsOfOtherComprehensiveIncomeThatWillBeReclassifiedToProfitOrLoss" xlink:title="IncomeTaxRelatingToComponentsOfOtherComprehensiveIncomeThatWillBeReclassifiedToProfitOrLoss"/><link:presentationArc xlink:type="arc" xlink:arcrole="http://www.xbrl.org/2003/arcrole/parent-child" xlink:from="StatementOfComprehensiveIncomeAbstract" xlink:to="IncomeTaxRelatingToComponentsOfOtherComprehensiveIncomeThatWillBeReclassifiedToProfitOrLoss" xlink:title="Presentation: StatementOfComprehensiveIncomeAbstract to IncomeTaxRelatingToComponentsOfOtherComprehensiveIncomeThatWillBeReclassifiedToProfitOrLoss" order="11.0" preferredLabel="http://www.xbrl.org/2003/role/label"/><link:loc xlink:type="locator" xlink:href="http://xbrl.ifrs.org/taxonomy/2020-03-16/full_ifrs/full_ifrs-cor_2020-03-16.xsd#ifrs-full_OtherComprehensiveIncomeThatWillBeReclassifiedToProfitOrLossNetOfTax" xlink:label="OtherComprehensiveIncomeThatWillBeReclassifiedToProfitOrLossNetOfTax" xlink:title="OtherComprehensiveIncomeThatWillBeReclassifiedToProfitOrLossNetOfTax"/><link:presentationArc xlink:type="arc" xlink:arcrole="http://www.xbrl.org/2003/arcrole/parent-child" xlink:from="StatementOfComprehensiveIncomeAbstract" xlink:to="OtherComprehensiveIncomeThatWillBeReclassifiedToProfitOrLossNetOfTax" xlink:title="Presentation: StatementOfComprehensiveIncomeAbstract to OtherComprehensiveIncomeThatWillBeReclassifiedToProfitOrLossNetOfTax" order="12.0" preferredLabel="http://www.xbrl.org/2003/role/totalLabel"/><link:loc xlink:type="locator" xlink:href="http://xbrl.ifrs.org/taxonomy/2020-03-16/full_ifrs/full_ifrs-cor_2020-03-16.xsd#ifrs-full_OtherComprehensiveIncome" xlink:label="OtherComprehensiveIncome" xlink:title="OtherComprehensiveIncome"/><link:presentationArc xlink:type="arc" xlink:arcrole="http://www.xbrl.org/2003/arcrole/parent-child" xlink:from="StatementOfComprehensiveIncomeAbstract" xlink:to="OtherComprehensiveIncome" xlink:title="Presentation: StatementOfComprehensiveIncomeAbstract to OtherComprehensiveIncome" order="13.0" preferredLabel="http://www.xbrl.org/2003/role/totalLabel"/><link:loc xlink:type="locator" xlink:href="http://xbrl.ifrs.org/taxonomy/2020-03-16/full_ifrs/full_ifrs-cor_2020-03-16.xsd#ifrs-full_ComprehensiveIncome" xlink:label="ComprehensiveIncome" xlink:title="ComprehensiveIncome"/><link:presentationArc xlink:type="arc" xlink:arcrole="http://www.xbrl.org/2003/arcrole/parent-child" xlink:from="StatementOfComprehensiveIncomeAbstract" xlink:to="ComprehensiveIncome" xlink:title="Presentation: StatementOfComprehensiveIncomeAbstract to ComprehensiveIncome" order="14.0" preferredLabel="http://www.xbrl.org/2003/role/totalLabel"/></link:presentationLink><link:presentationLink xlink:type="extended" xlink:role="http://xbrl.lundbeck.com/role/FinancialPosition"><link:loc xlink:type="locator" xlink:href="http://xbrl.ifrs.org/taxonomy/2020-03-16/full_ifrs/full_ifrs-cor_2020-03-16.xsd#ifrs-full_StatementOfFinancialPositionAbstract" xlink:label="StatementOfFinancialPositionAbstract" xlink:title="StatementOfFinancialPositionAbstract"/><link:loc xlink:type="locator" xlink:href="http://xbrl.ifrs.org/taxonomy/2020-03-16/full_ifrs/full_ifrs-cor_2020-03-16.xsd#ifrs-full_AssetsAbstract" xlink:label="AssetsAbstract" xlink:title="AssetsAbstract"/><link:presentationArc xlink:type="arc" xlink:arcrole="http://www.xbrl.org/2003/arcrole/parent-child" xlink:from="StatementOfFinancialPositionAbstract" xlink:to="AssetsAbstract" xlink:title="Presentation: StatementOfFinancialPositionAbstract to AssetsAbstract" order="1.0"/><link:loc xlink:type="locator" xlink:href="http://xbrl.ifrs.org/taxonomy/2020-03-16/full_ifrs/full_ifrs-cor_2020-03-16.xsd#ifrs-full_NoncurrentAssetsAbstract" xlink:label="NoncurrentAssetsAbstract" xlink:title="NoncurrentAssetsAbstract"/><link:presentationArc xlink:type="arc" xlink:arcrole="http://www.xbrl.org/2003/arcrole/parent-child" xlink:from="AssetsAbstract" xlink:to="NoncurrentAssetsAbstract" xlink:title="Presentation: AssetsAbstract to NoncurrentAssetsAbstract" order="1.0"/><link:loc xlink:type="locator" xlink:href="http://xbrl.ifrs.org/taxonomy/2020-03-16/full_ifrs/full_ifrs-cor_2020-03-16.xsd#ifrs-full_Goodwill" xlink:label="Goodwill" xlink:title="Goodwill"/><link:presentationArc xlink:type="arc" xlink:arcrole="http://www.xbrl.org/2003/arcrole/parent-child" xlink:from="NoncurrentAssetsAbstract" xlink:to="Goodwill" xlink:title="Presentation: NoncurrentAssetsAbstract to Goodwill" order="1.0" preferredLabel="http://www.xbrl.org/2003/role/label"/><link:loc xlink:type="locator" xlink:href="HLUNDBECK-2021-12-31.xsd#HLU_ProductRights" xlink:label="ProductRights" xlink:title="ProductRights"/><link:presentationArc xlink:type="arc" xlink:arcrole="http://www.xbrl.org/2003/arcrole/parent-child" xlink:from="NoncurrentAssetsAbstract" xlink:to="ProductRights" xlink:title="Presentation: NoncurrentAssetsAbstract to ProductRights" order="2.0" preferredLabel="http://www.xbrl.org/2003/role/label"/><link:loc xlink:type="locator" xlink:href="HLUNDBECK-2021-12-31.xsd#HLU_OtherRights" xlink:label="OtherRights" xlink:title="OtherRights"/><link:presentationArc xlink:type="arc" xlink:arcrole="http://www.xbrl.org/2003/arcrole/parent-child" xlink:from="NoncurrentAssetsAbstract" xlink:to="OtherRights" xlink:title="Presentation: NoncurrentAssetsAbstract to OtherRights" order="3.0" preferredLabel="http://www.xbrl.org/2003/role/label"/><link:loc xlink:type="locator" xlink:href="http://xbrl.ifrs.org/taxonomy/2020-03-16/full_ifrs/full_ifrs-cor_2020-03-16.xsd#ifrs-full_IntangibleAssetsUnderDevelopment" xlink:label="IntangibleAssetsUnderDevelopment" xlink:title="IntangibleAssetsUnderDevelopment"/><link:presentationArc xlink:type="arc" xlink:arcrole="http://www.xbrl.org/2003/arcrole/parent-child" xlink:from="NoncurrentAssetsAbstract" xlink:to="IntangibleAssetsUnderDevelopment" xlink:title="Presentation: NoncurrentAssetsAbstract to IntangibleAssetsUnderDevelopment" order="4.0" preferredLabel="http://www.xbrl.org/2003/role/label"/><link:loc xlink:type="locator" xlink:href="http://xbrl.ifrs.org/taxonomy/2020-03-16/full_ifrs/full_ifrs-cor_2020-03-16.xsd#ifrs-full_IntangibleAssetsAndGoodwill" xlink:label="IntangibleAssetsAndGoodwill" xlink:title="IntangibleAssetsAndGoodwill"/><link:presentationArc xlink:type="arc" xlink:arcrole="http://www.xbrl.org/2003/arcrole/parent-child" xlink:from="NoncurrentAssetsAbstract" xlink:to="IntangibleAssetsAndGoodwill" xlink:title="Presentation: NoncurrentAssetsAbstract to IntangibleAssetsAndGoodwill" order="5.0" preferredLabel="http://www.xbrl.org/2003/role/totalLabel"/><link:loc xlink:type="locator" xlink:href="http://xbrl.ifrs.org/taxonomy/2020-03-16/full_ifrs/full_ifrs-cor_2020-03-16.xsd#ifrs-full_LandAndBuildings" xlink:label="LandAndBuildings" xlink:title="LandAndBuildings"/><link:presentationArc xlink:type="arc" xlink:arcrole="http://www.xbrl.org/2003/arcrole/parent-child" xlink:from="NoncurrentAssetsAbstract" xlink:to="LandAndBuildings" xlink:title="Presentation: NoncurrentAssetsAbstract to LandAndBuildings" order="6.0" preferredLabel="http://www.xbrl.org/2003/role/label"/><link:loc xlink:type="locator" xlink:href="HLUNDBECK-2021-12-31.xsd#HLU_PlantAndMachinery" xlink:label="PlantAndMachinery" xlink:title="PlantAndMachinery"/><link:presentationArc xlink:type="arc" xlink:arcrole="http://www.xbrl.org/2003/arcrole/parent-child" xlink:from="NoncurrentAssetsAbstract" xlink:to="PlantAndMachinery" xlink:title="Presentation: NoncurrentAssetsAbstract to PlantAndMachinery" order="7.0" preferredLabel="http://www.xbrl.org/2003/role/label"/><link:loc xlink:type="locator" xlink:href="http://xbrl.ifrs.org/taxonomy/2020-03-16/full_ifrs/full_ifrs-cor_2020-03-16.xsd#ifrs-full_FixturesAndFittings" xlink:label="FixturesAndFittings" xlink:title="FixturesAndFittings"/><link:presentationArc xlink:type="arc" xlink:arcrole="http://www.xbrl.org/2003/arcrole/parent-child" xlink:from="NoncurrentAssetsAbstract" xlink:to="FixturesAndFittings" xlink:title="Presentation: NoncurrentAssetsAbstract to FixturesAndFittings" order="8.0" preferredLabel="http://www.xbrl.org/2003/role/label"/><link:loc xlink:type="locator" xlink:href="HLUNDBECK-2021-12-31.xsd#HLU_ConstructionInProgressAndPrepaymentsForConstructionInProgress" xlink:label="ConstructionInProgressAndPrepaymentsForConstructionInProgress" xlink:title="ConstructionInProgressAndPrepaymentsForConstructionInProgress"/><link:presentationArc xlink:type="arc" xlink:arcrole="http://www.xbrl.org/2003/arcrole/parent-child" xlink:from="NoncurrentAssetsAbstract" xlink:to="ConstructionInProgressAndPrepaymentsForConstructionInProgress" xlink:title="Presentation: NoncurrentAssetsAbstract to ConstructionInProgressAndPrepaymentsForConstructionInProgress" order="9.0" preferredLabel="http://www.xbrl.org/2003/role/label"/><link:loc xlink:type="locator" xlink:href="http://xbrl.ifrs.org/taxonomy/2020-03-16/full_ifrs/full_ifrs-cor_2020-03-16.xsd#ifrs-full_RightofuseAssets" xlink:label="RightofuseAssets" xlink:title="RightofuseAssets"/><link:presentationArc xlink:type="arc" xlink:arcrole="http://www.xbrl.org/2003/arcrole/parent-child" xlink:from="NoncurrentAssetsAbstract" xlink:to="RightofuseAssets" xlink:title="Presentation: NoncurrentAssetsAbstract to RightofuseAssets" order="10.0" preferredLabel="http://www.xbrl.org/2003/role/label"/><link:loc xlink:type="locator" xlink:href="http://xbrl.ifrs.org/taxonomy/2020-03-16/full_ifrs/full_ifrs-cor_2020-03-16.xsd#ifrs-full_PropertyPlantAndEquipment" xlink:label="PropertyPlantAndEquipment" xlink:title="PropertyPlantAndEquipment"/><link:presentationArc xlink:type="arc" xlink:arcrole="http://www.xbrl.org/2003/arcrole/parent-child" xlink:from="NoncurrentAssetsAbstract" xlink:to="PropertyPlantAndEquipment" xlink:title="Presentation: NoncurrentAssetsAbstract to PropertyPlantAndEquipment" order="11.0" preferredLabel="http://www.xbrl.org/2003/role/totalLabel"/><link:loc xlink:type="locator" xlink:href="http://xbrl.ifrs.org/taxonomy/2020-03-16/full_ifrs/full_ifrs-cor_2020-03-16.xsd#ifrs-full_OtherNoncurrentFinancialAssets" xlink:label="OtherNoncurrentFinancialAssets" xlink:title="OtherNoncurrentFinancialAssets"/><link:presentationArc xlink:type="arc" xlink:arcrole="http://www.xbrl.org/2003/arcrole/parent-child" xlink:from="NoncurrentAssetsAbstract" xlink:to="OtherNoncurrentFinancialAssets" xlink:title="Presentation: NoncurrentAssetsAbstract to OtherNoncurrentFinancialAssets" order="12.0" preferredLabel="http://www.xbrl.org/2003/role/label"/><link:loc xlink:type="locator" xlink:href="http://xbrl.ifrs.org/taxonomy/2020-03-16/full_ifrs/full_ifrs-cor_2020-03-16.xsd#ifrs-full_OtherNoncurrentReceivables" xlink:label="OtherNoncurrentReceivables" xlink:title="OtherNoncurrentReceivables"/><link:presentationArc xlink:type="arc" xlink:arcrole="http://www.xbrl.org/2003/arcrole/parent-child" xlink:from="NoncurrentAssetsAbstract" xlink:to="OtherNoncurrentReceivables" xlink:title="Presentation: NoncurrentAssetsAbstract to OtherNoncurrentReceivables" order="13.0" preferredLabel="http://www.xbrl.org/2003/role/label"/><link:loc xlink:type="locator" xlink:href="http://xbrl.ifrs.org/taxonomy/2020-03-16/full_ifrs/full_ifrs-cor_2020-03-16.xsd#ifrs-full_DeferredTaxAssets" xlink:label="DeferredTaxAssets" xlink:title="DeferredTaxAssets"/><link:presentationArc xlink:type="arc" xlink:arcrole="http://www.xbrl.org/2003/arcrole/parent-child" xlink:from="NoncurrentAssetsAbstract" xlink:to="DeferredTaxAssets" xlink:title="Presentation: NoncurrentAssetsAbstract to DeferredTaxAssets" order="14.0" preferredLabel="http://www.xbrl.org/2003/role/label"/><link:loc xlink:type="locator" xlink:href="http://xbrl.ifrs.org/taxonomy/2020-03-16/full_ifrs/full_ifrs-cor_2020-03-16.xsd#ifrs-full_NoncurrentFinancialAssets" xlink:label="NoncurrentFinancialAssets" xlink:title="NoncurrentFinancialAssets"/><link:presentationArc xlink:type="arc" xlink:arcrole="http://www.xbrl.org/2003/arcrole/parent-child" xlink:from="NoncurrentAssetsAbstract" xlink:to="NoncurrentFinancialAssets" xlink:title="Presentation: NoncurrentAssetsAbstract to NoncurrentFinancialAssets" order="15.0" preferredLabel="http://www.xbrl.org/2003/role/totalLabel"/><link:loc xlink:type="locator" xlink:href="http://xbrl.ifrs.org/taxonomy/2020-03-16/full_ifrs/full_ifrs-cor_2020-03-16.xsd#ifrs-full_NoncurrentAssets" xlink:label="NoncurrentAssets" xlink:title="NoncurrentAssets"/><link:presentationArc xlink:type="arc" xlink:arcrole="http://www.xbrl.org/2003/arcrole/parent-child" xlink:from="NoncurrentAssetsAbstract" xlink:to="NoncurrentAssets" xlink:title="Presentation: NoncurrentAssetsAbstract to NoncurrentAssets" order="16.0" preferredLabel="http://www.xbrl.org/2003/role/totalLabel"/><link:loc xlink:type="locator" xlink:href="http://xbrl.ifrs.org/taxonomy/2020-03-16/full_ifrs/full_ifrs-cor_2020-03-16.xsd#ifrs-full_CurrentAssetsAbstract" xlink:label="CurrentAssetsAbstract" xlink:title="CurrentAssetsAbstract"/><link:presentationArc xlink:type="arc" xlink:arcrole="http://www.xbrl.org/2003/arcrole/parent-child" xlink:from="AssetsAbstract" xlink:to="CurrentAssetsAbstract" xlink:title="Presentation: AssetsAbstract to CurrentAssetsAbstract" order="2.0"/><link:loc xlink:type="locator" xlink:href="http://xbrl.ifrs.org/taxonomy/2020-03-16/full_ifrs/full_ifrs-cor_2020-03-16.xsd#ifrs-full_Inventories" xlink:label="Inventories" xlink:title="Inventories"/><link:presentationArc xlink:type="arc" xlink:arcrole="http://www.xbrl.org/2003/arcrole/parent-child" xlink:from="CurrentAssetsAbstract" xlink:to="Inventories" xlink:title="Presentation: CurrentAssetsAbstract to Inventories" order="1.0" preferredLabel="http://www.xbrl.org/2003/role/label"/><link:loc xlink:type="locator" xlink:href="http://xbrl.ifrs.org/taxonomy/2020-03-16/full_ifrs/full_ifrs-cor_2020-03-16.xsd#ifrs-full_CurrentTradeReceivables" xlink:label="CurrentTradeReceivables" xlink:title="CurrentTradeReceivables"/><link:presentationArc xlink:type="arc" xlink:arcrole="http://www.xbrl.org/2003/arcrole/parent-child" xlink:from="CurrentAssetsAbstract" xlink:to="CurrentTradeReceivables" xlink:title="Presentation: CurrentAssetsAbstract to CurrentTradeReceivables" order="2.0" preferredLabel="http://www.xbrl.org/2003/role/label"/><link:loc xlink:type="locator" xlink:href="http://xbrl.ifrs.org/taxonomy/2020-03-16/full_ifrs/full_ifrs-cor_2020-03-16.xsd#ifrs-full_CurrentTaxAssetsCurrent" xlink:label="CurrentTaxAssetsCurrent" xlink:title="CurrentTaxAssetsCurrent"/><link:presentationArc xlink:type="arc" xlink:arcrole="http://www.xbrl.org/2003/arcrole/parent-child" xlink:from="CurrentAssetsAbstract" xlink:to="CurrentTaxAssetsCurrent" xlink:title="Presentation: CurrentAssetsAbstract to CurrentTaxAssetsCurrent" order="3.0" preferredLabel="http://www.xbrl.org/2003/role/label"/><link:loc xlink:type="locator" xlink:href="http://xbrl.ifrs.org/taxonomy/2020-03-16/full_ifrs/full_ifrs-cor_2020-03-16.xsd#ifrs-full_OtherCurrentReceivables" xlink:label="OtherCurrentReceivables" xlink:title="OtherCurrentReceivables"/><link:presentationArc xlink:type="arc" xlink:arcrole="http://www.xbrl.org/2003/arcrole/parent-child" xlink:from="CurrentAssetsAbstract" xlink:to="OtherCurrentReceivables" xlink:title="Presentation: CurrentAssetsAbstract to OtherCurrentReceivables" order="4.0" preferredLabel="http://www.xbrl.org/2003/role/label"/><link:loc xlink:type="locator" xlink:href="http://xbrl.ifrs.org/taxonomy/2020-03-16/full_ifrs/full_ifrs-cor_2020-03-16.xsd#ifrs-full_CurrentPrepayments" xlink:label="CurrentPrepayments" xlink:title="CurrentPrepayments"/><link:presentationArc xlink:type="arc" xlink:arcrole="http://www.xbrl.org/2003/arcrole/parent-child" xlink:from="CurrentAssetsAbstract" xlink:to="CurrentPrepayments" xlink:title="Presentation: CurrentAssetsAbstract to CurrentPrepayments" order="5.0" preferredLabel="http://www.xbrl.org/2003/role/label"/><link:loc xlink:type="locator" xlink:href="http://xbrl.ifrs.org/taxonomy/2020-03-16/full_ifrs/full_ifrs-cor_2020-03-16.xsd#ifrs-full_TradeAndOtherCurrentReceivables" xlink:label="TradeAndOtherCurrentReceivables" xlink:title="TradeAndOtherCurrentReceivables"/><link:presentationArc xlink:type="arc" xlink:arcrole="http://www.xbrl.org/2003/arcrole/parent-child" xlink:from="CurrentAssetsAbstract" xlink:to="TradeAndOtherCurrentReceivables" xlink:title="Presentation: CurrentAssetsAbstract to TradeAndOtherCurrentReceivables" order="6.0" preferredLabel="http://www.xbrl.org/2003/role/totalLabel"/><link:loc xlink:type="locator" xlink:href="http://xbrl.ifrs.org/taxonomy/2020-03-16/full_ifrs/full_ifrs-cor_2020-03-16.xsd#ifrs-full_CashAndCashEquivalents" xlink:label="CashAndCashEquivalents" xlink:title="CashAndCashEquivalents"/><link:presentationArc xlink:type="arc" xlink:arcrole="http://www.xbrl.org/2003/arcrole/parent-child" xlink:from="CurrentAssetsAbstract" xlink:to="CashAndCashEquivalents" xlink:title="Presentation: CurrentAssetsAbstract to CashAndCashEquivalents" order="7.0" preferredLabel="http://www.xbrl.org/2003/role/label"/><link:loc xlink:type="locator" xlink:href="http://xbrl.ifrs.org/taxonomy/2020-03-16/full_ifrs/full_ifrs-cor_2020-03-16.xsd#ifrs-full_CurrentAssets" xlink:label="CurrentAssets" xlink:title="CurrentAssets"/><link:presentationArc xlink:type="arc" xlink:arcrole="http://www.xbrl.org/2003/arcrole/parent-child" xlink:from="CurrentAssetsAbstract" xlink:to="CurrentAssets" xlink:title="Presentation: CurrentAssetsAbstract to CurrentAssets" order="8.0" preferredLabel="http://www.xbrl.org/2003/role/totalLabel"/><link:loc xlink:type="locator" xlink:href="http://xbrl.ifrs.org/taxonomy/2020-03-16/full_ifrs/full_ifrs-cor_2020-03-16.xsd#ifrs-full_Assets" xlink:label="Assets" xlink:title="Assets"/><link:presentationArc xlink:type="arc" xlink:arcrole="http://www.xbrl.org/2003/arcrole/parent-child" xlink:from="AssetsAbstract" xlink:to="Assets" xlink:title="Presentation: AssetsAbstract to Assets" order="3.0" preferredLabel="http://www.xbrl.org/2003/role/totalLabel"/><link:loc xlink:type="locator" xlink:href="http://xbrl.ifrs.org/taxonomy/2020-03-16/full_ifrs/full_ifrs-cor_2020-03-16.xsd#ifrs-full_EquityAndLiabilitiesAbstract" xlink:label="EquityAndLiabilitiesAbstract" xlink:title="EquityAndLiabilitiesAbstract"/><link:presentationArc xlink:type="arc" xlink:arcrole="http://www.xbrl.org/2003/arcrole/parent-child" xlink:from="StatementOfFinancialPositionAbstract" xlink:to="EquityAndLiabilitiesAbstract" xlink:title="Presentation: StatementOfFinancialPositionAbstract to EquityAndLiabilitiesAbstract" order="2.0"/><link:loc xlink:type="locator" xlink:href="http://xbrl.ifrs.org/taxonomy/2020-03-16/full_ifrs/full_ifrs-cor_2020-03-16.xsd#ifrs-full_EquityAbstract" xlink:label="EquityAbstract" xlink:title="EquityAbstract"/><link:presentationArc xlink:type="arc" xlink:arcrole="http://www.xbrl.org/2003/arcrole/parent-child" xlink:from="EquityAndLiabilitiesAbstract" xlink:to="EquityAbstract" xlink:title="Presentation: EquityAndLiabilitiesAbstract to EquityAbstract" order="1.0"/><link:loc xlink:type="locator" xlink:href="http://xbrl.ifrs.org/taxonomy/2020-03-16/full_ifrs/full_ifrs-cor_2020-03-16.xsd#ifrs-full_IssuedCapital" xlink:label="IssuedCapital" xlink:title="IssuedCapital"/><link:presentationArc xlink:type="arc" xlink:arcrole="http://www.xbrl.org/2003/arcrole/parent-child" xlink:from="EquityAbstract" xlink:to="IssuedCapital" xlink:title="Presentation: EquityAbstract to IssuedCapital" order="1.0" preferredLabel="http://www.xbrl.org/2003/role/label"/><link:loc xlink:type="locator" xlink:href="http://xbrl.ifrs.org/taxonomy/2020-03-16/full_ifrs/full_ifrs-cor_2020-03-16.xsd#ifrs-full_ReserveOfExchangeDifferencesOnTranslation" xlink:label="ReserveOfExchangeDifferencesOnTranslation" xlink:title="ReserveOfExchangeDifferencesOnTranslation"/><link:presentationArc xlink:type="arc" xlink:arcrole="http://www.xbrl.org/2003/arcrole/parent-child" xlink:from="EquityAbstract" xlink:to="ReserveOfExchangeDifferencesOnTranslation" xlink:title="Presentation: EquityAbstract to ReserveOfExchangeDifferencesOnTranslation" order="2.0" preferredLabel="http://www.xbrl.org/2003/role/label"/><link:loc xlink:type="locator" xlink:href="http://xbrl.ifrs.org/taxonomy/2020-03-16/full_ifrs/full_ifrs-cor_2020-03-16.xsd#ifrs-full_ReserveOfCashFlowHedges" xlink:label="ReserveOfCashFlowHedges" xlink:title="ReserveOfCashFlowHedges"/><link:presentationArc xlink:type="arc" xlink:arcrole="http://www.xbrl.org/2003/arcrole/parent-child" xlink:from="EquityAbstract" xlink:to="ReserveOfCashFlowHedges" xlink:title="Presentation: EquityAbstract to ReserveOfCashFlowHedges" order="3.0" preferredLabel="http://www.xbrl.org/2003/role/label"/><link:loc xlink:type="locator" xlink:href="http://xbrl.ifrs.org/taxonomy/2020-03-16/full_ifrs/full_ifrs-cor_2020-03-16.xsd#ifrs-full_RetainedEarnings" xlink:label="RetainedEarnings" xlink:title="RetainedEarnings"/><link:presentationArc xlink:type="arc" xlink:arcrole="http://www.xbrl.org/2003/arcrole/parent-child" xlink:from="EquityAbstract" xlink:to="RetainedEarnings" xlink:title="Presentation: EquityAbstract to RetainedEarnings" order="4.0" preferredLabel="http://www.xbrl.org/2003/role/label"/><link:loc xlink:type="locator" xlink:href="http://xbrl.ifrs.org/taxonomy/2020-03-16/full_ifrs/full_ifrs-cor_2020-03-16.xsd#ifrs-full_Equity" xlink:label="Equity" xlink:title="Equity"/><link:presentationArc xlink:type="arc" xlink:arcrole="http://www.xbrl.org/2003/arcrole/parent-child" xlink:from="EquityAbstract" xlink:to="Equity" xlink:title="Presentation: EquityAbstract to Equity" order="5.0" preferredLabel="http://www.xbrl.org/2003/role/totalLabel"/><link:loc xlink:type="locator" xlink:href="http://xbrl.ifrs.org/taxonomy/2020-03-16/full_ifrs/full_ifrs-cor_2020-03-16.xsd#ifrs-full_LiabilitiesAbstract" xlink:label="LiabilitiesAbstract" xlink:title="LiabilitiesAbstract"/><link:presentationArc xlink:type="arc" xlink:arcrole="http://www.xbrl.org/2003/arcrole/parent-child" xlink:from="EquityAndLiabilitiesAbstract" xlink:to="LiabilitiesAbstract" xlink:title="Presentation: EquityAndLiabilitiesAbstract to LiabilitiesAbstract" order="2.0"/><link:loc xlink:type="locator" xlink:href="http://xbrl.ifrs.org/taxonomy/2020-03-16/full_ifrs/full_ifrs-cor_2020-03-16.xsd#ifrs-full_NoncurrentLiabilitiesAbstract" xlink:label="NoncurrentLiabilitiesAbstract" xlink:title="NoncurrentLiabilitiesAbstract"/><link:presentationArc xlink:type="arc" xlink:arcrole="http://www.xbrl.org/2003/arcrole/parent-child" xlink:from="LiabilitiesAbstract" xlink:to="NoncurrentLiabilitiesAbstract" xlink:title="Presentation: LiabilitiesAbstract to NoncurrentLiabilitiesAbstract" order="1.0"/><link:loc xlink:type="locator" xlink:href="http://xbrl.ifrs.org/taxonomy/2020-03-16/full_ifrs/full_ifrs-cor_2020-03-16.xsd#ifrs-full_NoncurrentRecognisedLiabilitiesDefinedBenefitPlan" xlink:label="NoncurrentRecognisedLiabilitiesDefinedBenefitPlan" xlink:title="NoncurrentRecognisedLiabilitiesDefinedBenefitPlan"/><link:presentationArc xlink:type="arc" xlink:arcrole="http://www.xbrl.org/2003/arcrole/parent-child" xlink:from="NoncurrentLiabilitiesAbstract" xlink:to="NoncurrentRecognisedLiabilitiesDefinedBenefitPlan" xlink:title="Presentation: NoncurrentLiabilitiesAbstract to NoncurrentRecognisedLiabilitiesDefinedBenefitPlan" order="1.0" preferredLabel="http://www.xbrl.org/2003/role/label"/><link:loc xlink:type="locator" xlink:href="http://xbrl.ifrs.org/taxonomy/2020-03-16/full_ifrs/full_ifrs-cor_2020-03-16.xsd#ifrs-full_DeferredTaxLiabilities" xlink:label="DeferredTaxLiabilities" xlink:title="DeferredTaxLiabilities"/><link:presentationArc xlink:type="arc" xlink:arcrole="http://www.xbrl.org/2003/arcrole/parent-child" xlink:from="NoncurrentLiabilitiesAbstract" xlink:to="DeferredTaxLiabilities" xlink:title="Presentation: NoncurrentLiabilitiesAbstract to DeferredTaxLiabilities" order="2.0" preferredLabel="http://www.xbrl.org/2003/role/label"/><link:loc xlink:type="locator" xlink:href="http://xbrl.ifrs.org/taxonomy/2020-03-16/full_ifrs/full_ifrs-cor_2020-03-16.xsd#ifrs-full_NoncurrentProvisions" xlink:label="NoncurrentProvisions" xlink:title="NoncurrentProvisions"/><link:presentationArc xlink:type="arc" xlink:arcrole="http://www.xbrl.org/2003/arcrole/parent-child" xlink:from="NoncurrentLiabilitiesAbstract" xlink:to="NoncurrentProvisions" xlink:title="Presentation: NoncurrentLiabilitiesAbstract to NoncurrentProvisions" order="3.0" preferredLabel="http://www.xbrl.org/2003/role/label"/><link:loc xlink:type="locator" xlink:href="http://xbrl.ifrs.org/taxonomy/2020-03-16/full_ifrs/full_ifrs-cor_2020-03-16.xsd#ifrs-full_LongtermBorrowings" xlink:label="LongtermBorrowings" xlink:title="LongtermBorrowings"/><link:presentationArc xlink:type="arc" xlink:arcrole="http://www.xbrl.org/2003/arcrole/parent-child" xlink:from="NoncurrentLiabilitiesAbstract" xlink:to="LongtermBorrowings" xlink:title="Presentation: NoncurrentLiabilitiesAbstract to LongtermBorrowings" order="4.0" preferredLabel="http://www.xbrl.org/2003/role/label"/><link:loc xlink:type="locator" xlink:href="http://xbrl.ifrs.org/taxonomy/2020-03-16/full_ifrs/full_ifrs-cor_2020-03-16.xsd#ifrs-full_NoncurrentLeaseLiabilities" xlink:label="NoncurrentLeaseLiabilities" xlink:title="NoncurrentLeaseLiabilities"/><link:presentationArc xlink:type="arc" xlink:arcrole="http://www.xbrl.org/2003/arcrole/parent-child" xlink:from="NoncurrentLiabilitiesAbstract" xlink:to="NoncurrentLeaseLiabilities" xlink:title="Presentation: NoncurrentLiabilitiesAbstract to NoncurrentLeaseLiabilities" order="5.0" preferredLabel="http://www.xbrl.org/2003/role/label"/><link:loc xlink:type="locator" xlink:href="http://xbrl.ifrs.org/taxonomy/2020-03-16/full_ifrs/full_ifrs-cor_2020-03-16.xsd#ifrs-full_OtherNoncurrentPayables" xlink:label="OtherNoncurrentPayables" xlink:title="OtherNoncurrentPayables"/><link:presentationArc xlink:type="arc" xlink:arcrole="http://www.xbrl.org/2003/arcrole/parent-child" xlink:from="NoncurrentLiabilitiesAbstract" xlink:to="OtherNoncurrentPayables" xlink:title="Presentation: NoncurrentLiabilitiesAbstract to OtherNoncurrentPayables" order="6.0" preferredLabel="http://www.xbrl.org/2003/role/label"/><link:loc xlink:type="locator" xlink:href="http://xbrl.ifrs.org/taxonomy/2020-03-16/full_ifrs/full_ifrs-cor_2020-03-16.xsd#ifrs-full_NoncurrentLiabilities" xlink:label="NoncurrentLiabilities" xlink:title="NoncurrentLiabilities"/><link:presentationArc xlink:type="arc" xlink:arcrole="http://www.xbrl.org/2003/arcrole/parent-child" xlink:from="NoncurrentLiabilitiesAbstract" xlink:to="NoncurrentLiabilities" xlink:title="Presentation: NoncurrentLiabilitiesAbstract to NoncurrentLiabilities" order="7.0" preferredLabel="http://www.xbrl.org/2003/role/totalLabel"/><link:loc xlink:type="locator" xlink:href="http://xbrl.ifrs.org/taxonomy/2020-03-16/full_ifrs/full_ifrs-cor_2020-03-16.xsd#ifrs-full_CurrentLiabilitiesAbstract" xlink:label="CurrentLiabilitiesAbstract" xlink:title="CurrentLiabilitiesAbstract"/><link:presentationArc xlink:type="arc" xlink:arcrole="http://www.xbrl.org/2003/arcrole/parent-child" xlink:from="LiabilitiesAbstract" xlink:to="CurrentLiabilitiesAbstract" xlink:title="Presentation: LiabilitiesAbstract to CurrentLiabilitiesAbstract" order="2.0"/><link:loc xlink:type="locator" xlink:href="http://xbrl.ifrs.org/taxonomy/2020-03-16/full_ifrs/full_ifrs-cor_2020-03-16.xsd#ifrs-full_CurrentRecognisedLiabilitiesDefinedBenefitPlan" xlink:label="CurrentRecognisedLiabilitiesDefinedBenefitPlan" xlink:title="CurrentRecognisedLiabilitiesDefinedBenefitPlan"/><link:presentationArc xlink:type="arc" xlink:arcrole="http://www.xbrl.org/2003/arcrole/parent-child" xlink:from="CurrentLiabilitiesAbstract" xlink:to="CurrentRecognisedLiabilitiesDefinedBenefitPlan" xlink:title="Presentation: CurrentLiabilitiesAbstract to CurrentRecognisedLiabilitiesDefinedBenefitPlan" order="1.0" preferredLabel="http://www.xbrl.org/2003/role/label"/><link:loc xlink:type="locator" xlink:href="http://xbrl.ifrs.org/taxonomy/2020-03-16/full_ifrs/full_ifrs-cor_2020-03-16.xsd#ifrs-full_CurrentProvisions" xlink:label="CurrentProvisions" xlink:title="CurrentProvisions"/><link:presentationArc xlink:type="arc" xlink:arcrole="http://www.xbrl.org/2003/arcrole/parent-child" xlink:from="CurrentLiabilitiesAbstract" xlink:to="CurrentProvisions" xlink:title="Presentation: CurrentLiabilitiesAbstract to CurrentProvisions" order="2.0" preferredLabel="http://www.xbrl.org/2003/role/label"/><link:loc xlink:type="locator" xlink:href="http://xbrl.ifrs.org/taxonomy/2020-03-16/full_ifrs/full_ifrs-cor_2020-03-16.xsd#ifrs-full_ShorttermBorrowings" xlink:label="ShorttermBorrowings" xlink:title="ShorttermBorrowings"/><link:presentationArc xlink:type="arc" xlink:arcrole="http://www.xbrl.org/2003/arcrole/parent-child" xlink:from="CurrentLiabilitiesAbstract" xlink:to="ShorttermBorrowings" xlink:title="Presentation: CurrentLiabilitiesAbstract to ShorttermBorrowings" order="3.0" preferredLabel="http://www.xbrl.org/2003/role/label"/><link:loc xlink:type="locator" xlink:href="http://xbrl.ifrs.org/taxonomy/2020-03-16/full_ifrs/full_ifrs-cor_2020-03-16.xsd#ifrs-full_TradeAndOtherCurrentPayablesToTradeSuppliers" xlink:label="TradeAndOtherCurrentPayablesToTradeSuppliers" xlink:title="TradeAndOtherCurrentPayablesToTradeSuppliers"/><link:presentationArc xlink:type="arc" xlink:arcrole="http://www.xbrl.org/2003/arcrole/parent-child" xlink:from="CurrentLiabilitiesAbstract" xlink:to="TradeAndOtherCurrentPayablesToTradeSuppliers" xlink:title="Presentation: CurrentLiabilitiesAbstract to TradeAndOtherCurrentPayablesToTradeSuppliers" order="4.0" preferredLabel="http://www.xbrl.org/2003/role/label"/><link:loc xlink:type="locator" xlink:href="http://xbrl.ifrs.org/taxonomy/2020-03-16/full_ifrs/full_ifrs-cor_2020-03-16.xsd#ifrs-full_CurrentLeaseLiabilities" xlink:label="CurrentLeaseLiabilities" xlink:title="CurrentLeaseLiabilities"/><link:presentationArc xlink:type="arc" xlink:arcrole="http://www.xbrl.org/2003/arcrole/parent-child" xlink:from="CurrentLiabilitiesAbstract" xlink:to="CurrentLeaseLiabilities" xlink:title="Presentation: CurrentLiabilitiesAbstract to CurrentLeaseLiabilities" order="5.0" preferredLabel="http://www.xbrl.org/2003/role/label"/><link:loc xlink:type="locator" xlink:href="http://xbrl.ifrs.org/taxonomy/2020-03-16/full_ifrs/full_ifrs-cor_2020-03-16.xsd#ifrs-full_CurrentTaxLiabilitiesCurrent" xlink:label="CurrentTaxLiabilitiesCurrent" xlink:title="CurrentTaxLiabilitiesCurrent"/><link:presentationArc xlink:type="arc" xlink:arcrole="http://www.xbrl.org/2003/arcrole/parent-child" xlink:from="CurrentLiabilitiesAbstract" xlink:to="CurrentTaxLiabilitiesCurrent" xlink:title="Presentation: CurrentLiabilitiesAbstract to CurrentTaxLiabilitiesCurrent" order="6.0" preferredLabel="http://www.xbrl.org/2003/role/label"/><link:loc xlink:type="locator" xlink:href="http://xbrl.ifrs.org/taxonomy/2020-03-16/full_ifrs/full_ifrs-cor_2020-03-16.xsd#ifrs-full_OtherCurrentPayables" xlink:label="OtherCurrentPayables" xlink:title="OtherCurrentPayables"/><link:presentationArc xlink:type="arc" xlink:arcrole="http://www.xbrl.org/2003/arcrole/parent-child" xlink:from="CurrentLiabilitiesAbstract" xlink:to="OtherCurrentPayables" xlink:title="Presentation: CurrentLiabilitiesAbstract to OtherCurrentPayables" order="7.0" preferredLabel="http://www.xbrl.org/2003/role/label"/><link:loc xlink:type="locator" xlink:href="http://xbrl.ifrs.org/taxonomy/2020-03-16/full_ifrs/full_ifrs-cor_2020-03-16.xsd#ifrs-full_CurrentLiabilities" xlink:label="CurrentLiabilities" xlink:title="CurrentLiabilities"/><link:presentationArc xlink:type="arc" xlink:arcrole="http://www.xbrl.org/2003/arcrole/parent-child" xlink:from="CurrentLiabilitiesAbstract" xlink:to="CurrentLiabilities" xlink:title="Presentation: CurrentLiabilitiesAbstract to CurrentLiabilities" order="8.0" preferredLabel="http://www.xbrl.org/2003/role/totalLabel"/><link:loc xlink:type="locator" xlink:href="http://xbrl.ifrs.org/taxonomy/2020-03-16/full_ifrs/full_ifrs-cor_2020-03-16.xsd#ifrs-full_Liabilities" xlink:label="Liabilities" xlink:title="Liabilities"/><link:presentationArc xlink:type="arc" xlink:arcrole="http://www.xbrl.org/2003/arcrole/parent-child" xlink:from="LiabilitiesAbstract" xlink:to="Liabilities" xlink:title="Presentation: LiabilitiesAbstract to Liabilities" order="3.0" preferredLabel="http://www.xbrl.org/2003/role/totalLabel"/><link:loc xlink:type="locator" xlink:href="http://xbrl.ifrs.org/taxonomy/2020-03-16/full_ifrs/full_ifrs-cor_2020-03-16.xsd#ifrs-full_EquityAndLiabilities" xlink:label="EquityAndLiabilities" xlink:title="EquityAndLiabilities"/><link:presentationArc xlink:type="arc" xlink:arcrole="http://www.xbrl.org/2003/arcrole/parent-child" xlink:from="EquityAndLiabilitiesAbstract" xlink:to="EquityAndLiabilities" xlink:title="Presentation: EquityAndLiabilitiesAbstract to EquityAndLiabilities" order="3.0" preferredLabel="http://www.xbrl.org/2003/role/totalLabel"/></link:presentationLink><link:presentationLink xlink:type="extended" xlink:role="http://xbrl.lundbeck.com/role/ChangesinEquity"><link:loc xlink:type="locator" xlink:href="http://xbrl.ifrs.org/taxonomy/2020-03-16/full_ifrs/full_ifrs-cor_2020-03-16.xsd#ifrs-full_StatementOfChangesInEquityAbstract" xlink:label="StatementOfChangesInEquityAbstract" xlink:title="StatementOfChangesInEquityAbstract"/><link:loc xlink:type="locator" xlink:href="http://xbrl.ifrs.org/taxonomy/2020-03-16/full_ifrs/full_ifrs-cor_2020-03-16.xsd#ifrs-full_StatementOfChangesInEquityTable" xlink:label="ifrs-full_StatementOfChangesInEquityTable" xlink:title="ifrs-full_StatementOfChangesInEquityTable"/><link:presentationArc xlink:type="arc" xlink:arcrole="http://www.xbrl.org/2003/arcrole/parent-child" xlink:from="StatementOfChangesInEquityAbstract" xlink:to="ifrs-full_StatementOfChangesInEquityTable" xlink:title="Presentation: StatementOfChangesInEquityAbstract to ifrs-full_StatementOfChangesInEquityTable" order="1.0"/><link:loc xlink:type="locator" xlink:href="http://xbrl.ifrs.org/taxonomy/2020-03-16/full_ifrs/full_ifrs-cor_2020-03-16.xsd#ifrs-full_ComponentsOfEquityAxis" xlink:label="ComponentsOfEquityAxis" xlink:title="ComponentsOfEquityAxis"/><link:presentationArc xlink:type="arc" xlink:arcrole="http://www.xbrl.org/2003/arcrole/parent-child" xlink:from="ifrs-full_StatementOfChangesInEquityTable" xlink:to="ComponentsOfEquityAxis" xlink:title="Presentation: ifrs-full_StatementOfChangesInEquityTable to ComponentsOfEquityAxis" order="1.0"/><link:loc xlink:type="locator" xlink:href="http://xbrl.ifrs.org/taxonomy/2020-03-16/full_ifrs/full_ifrs-cor_2020-03-16.xsd#ifrs-full_IssuedCapitalMember" xlink:label="IssuedCapitalMember" xlink:title="IssuedCapitalMember"/><link:presentationArc xlink:type="arc" xlink:arcrole="http://www.xbrl.org/2003/arcrole/parent-child" xlink:from="ComponentsOfEquityAxis" xlink:to="IssuedCapitalMember" xlink:title="Presentation: ComponentsOfEquityAxis to IssuedCapitalMember" order="1.0"/><link:loc xlink:type="locator" xlink:href="http://xbrl.ifrs.org/taxonomy/2020-03-16/full_ifrs/full_ifrs-cor_2020-03-16.xsd#ifrs-full_ReserveOfExchangeDifferencesOnTranslationMember" xlink:label="ReserveOfExchangeDifferencesOnTranslationMember" xlink:title="ReserveOfExchangeDifferencesOnTranslationMember"/><link:presentationArc xlink:type="arc" xlink:arcrole="http://www.xbrl.org/2003/arcrole/parent-child" xlink:from="ComponentsOfEquityAxis" xlink:to="ReserveOfExchangeDifferencesOnTranslationMember" xlink:title="Presentation: ComponentsOfEquityAxis to ReserveOfExchangeDifferencesOnTranslationMember" order="2.0"/><link:loc xlink:type="locator" xlink:href="http://xbrl.ifrs.org/taxonomy/2020-03-16/full_ifrs/full_ifrs-cor_2020-03-16.xsd#ifrs-full_ReserveOfCashFlowHedgesMember" xlink:label="ReserveOfCashFlowHedgesMember" xlink:title="ReserveOfCashFlowHedgesMember"/><link:presentationArc xlink:type="arc" xlink:arcrole="http://www.xbrl.org/2003/arcrole/parent-child" xlink:from="ComponentsOfEquityAxis" xlink:to="ReserveOfCashFlowHedgesMember" xlink:title="Presentation: ComponentsOfEquityAxis to ReserveOfCashFlowHedgesMember" order="3.0"/><link:loc xlink:type="locator" xlink:href="http://xbrl.ifrs.org/taxonomy/2020-03-16/full_ifrs/full_ifrs-cor_2020-03-16.xsd#ifrs-full_RetainedEarningsMember" xlink:label="RetainedEarningsMember" xlink:title="RetainedEarningsMember"/><link:presentationArc xlink:type="arc" xlink:arcrole="http://www.xbrl.org/2003/arcrole/parent-child" xlink:from="ComponentsOfEquityAxis" xlink:to="RetainedEarningsMember" xlink:title="Presentation: ComponentsOfEquityAxis to RetainedEarningsMember" order="4.0"/><link:loc xlink:type="locator" xlink:href="http://xbrl.ifrs.org/taxonomy/2020-03-16/full_ifrs/full_ifrs-cor_2020-03-16.xsd#ifrs-full_EquityMember" xlink:label="EquityMember" xlink:title="EquityMember"/><link:presentationArc xlink:type="arc" xlink:arcrole="http://www.xbrl.org/2003/arcrole/parent-child" xlink:from="ComponentsOfEquityAxis" xlink:to="EquityMember" xlink:title="Presentation: ComponentsOfEquityAxis to EquityMember" order="5.0"/><link:loc xlink:type="locator" xlink:href="http://xbrl.ifrs.org/taxonomy/2020-03-16/full_ifrs/full_ifrs-cor_2020-03-16.xsd#ifrs-full_StatementOfChangesInEquityLineItems" xlink:label="StatementOfChangesInEquityLineItems" xlink:title="StatementOfChangesInEquityLineItems"/><link:presentationArc xlink:type="arc" xlink:arcrole="http://www.xbrl.org/2003/arcrole/parent-child" xlink:from="StatementOfChangesInEquityAbstract" xlink:to="StatementOfChangesInEquityLineItems" xlink:title="Presentation: StatementOfChangesInEquityAbstract to StatementOfChangesInEquityLineItems" order="2.0"/><link:loc xlink:type="locator" xlink:href="http://xbrl.ifrs.org/taxonomy/2020-03-16/full_ifrs/full_ifrs-cor_2020-03-16.xsd#ifrs-full_Equity" xlink:label="Equity" xlink:title="Equity"/><link:presentationArc xlink:type="arc" xlink:arcrole="http://www.xbrl.org/2003/arcrole/parent-child" xlink:from="StatementOfChangesInEquityLineItems" xlink:to="Equity" xlink:title="Presentation: StatementOfChangesInEquityLineItems to Equity" order="1.0" preferredLabel="http://www.xbrl.org/2003/role/periodStartLabel"/><link:loc xlink:type="locator" xlink:href="http://xbrl.ifrs.org/taxonomy/2020-03-16/full_ifrs/full_ifrs-cor_2020-03-16.xsd#ifrs-full_ProfitLoss" xlink:label="ProfitLoss" xlink:title="ProfitLoss"/><link:presentationArc xlink:type="arc" xlink:arcrole="http://www.xbrl.org/2003/arcrole/parent-child" xlink:from="StatementOfChangesInEquityLineItems" xlink:to="ProfitLoss" xlink:title="Presentation: StatementOfChangesInEquityLineItems to ProfitLoss" order="2.0" preferredLabel="http://www.xbrl.org/2003/role/label"/><link:loc xlink:type="locator" xlink:href="http://xbrl.ifrs.org/taxonomy/2020-03-16/full_ifrs/full_ifrs-cor_2020-03-16.xsd#ifrs-full_OtherComprehensiveIncome" xlink:label="OtherComprehensiveIncome" xlink:title="OtherComprehensiveIncome"/><link:presentationArc xlink:type="arc" xlink:arcrole="http://www.xbrl.org/2003/arcrole/parent-child" xlink:from="StatementOfChangesInEquityLineItems" xlink:to="OtherComprehensiveIncome" xlink:title="Presentation: StatementOfChangesInEquityLineItems to OtherComprehensiveIncome" order="3.0" preferredLabel="http://www.xbrl.org/2003/role/label"/><link:loc xlink:type="locator" xlink:href="http://xbrl.ifrs.org/taxonomy/2020-03-16/full_ifrs/full_ifrs-cor_2020-03-16.xsd#ifrs-full_ComprehensiveIncome" xlink:label="ComprehensiveIncome" xlink:title="ComprehensiveIncome"/><link:presentationArc xlink:type="arc" xlink:arcrole="http://www.xbrl.org/2003/arcrole/parent-child" xlink:from="StatementOfChangesInEquityLineItems" xlink:to="ComprehensiveIncome" xlink:title="Presentation: StatementOfChangesInEquityLineItems to ComprehensiveIncome" order="4.0" preferredLabel="http://www.xbrl.org/2003/role/totalLabel"/><link:loc xlink:type="locator" xlink:href="http://xbrl.ifrs.org/taxonomy/2020-03-16/full_ifrs/full_ifrs-cor_2020-03-16.xsd#ifrs-full_DividendsPaid" xlink:label="DividendsPaid" xlink:title="DividendsPaid"/><link:presentationArc xlink:type="arc" xlink:arcrole="http://www.xbrl.org/2003/arcrole/parent-child" xlink:from="StatementOfChangesInEquityLineItems" xlink:to="DividendsPaid" xlink:title="Presentation: StatementOfChangesInEquityLineItems to DividendsPaid" order="5.0" preferredLabel="http://www.xbrl.org/2003/role/label"/><link:loc xlink:type="locator" xlink:href="HLUNDBECK-2021-12-31.xsd#HLU_DividendsReceivedFromTreasuryShares" xlink:label="DividendsReceivedFromTreasuryShares" xlink:title="DividendsReceivedFromTreasuryShares"/><link:presentationArc xlink:type="arc" xlink:arcrole="http://www.xbrl.org/2003/arcrole/parent-child" xlink:from="StatementOfChangesInEquityLineItems" xlink:to="DividendsReceivedFromTreasuryShares" xlink:title="Presentation: StatementOfChangesInEquityLineItems to DividendsReceivedFromTreasuryShares" order="6.0" preferredLabel="http://www.xbrl.org/2003/role/label"/><link:loc xlink:type="locator" xlink:href="http://xbrl.ifrs.org/taxonomy/2020-03-16/full_ifrs/full_ifrs-cor_2020-03-16.xsd#ifrs-full_IncreaseDecreaseThroughExerciseOfWarrantsEquity" xlink:label="IncreaseDecreaseThroughExerciseOfWarrantsEquity" xlink:title="IncreaseDecreaseThroughExerciseOfWarrantsEquity"/><link:presentationArc xlink:type="arc" xlink:arcrole="http://www.xbrl.org/2003/arcrole/parent-child" xlink:from="StatementOfChangesInEquityLineItems" xlink:to="IncreaseDecreaseThroughExerciseOfWarrantsEquity" xlink:title="Presentation: StatementOfChangesInEquityLineItems to IncreaseDecreaseThroughExerciseOfWarrantsEquity" order="7.0" preferredLabel="http://www.xbrl.org/2003/role/label"/><link:loc xlink:type="locator" xlink:href="http://xbrl.ifrs.org/taxonomy/2020-03-16/full_ifrs/full_ifrs-cor_2020-03-16.xsd#ifrs-full_PurchaseOfTreasuryShares" xlink:label="PurchaseOfTreasuryShares" xlink:title="PurchaseOfTreasuryShares"/><link:presentationArc xlink:type="arc" xlink:arcrole="http://www.xbrl.org/2003/arcrole/parent-child" xlink:from="StatementOfChangesInEquityLineItems" xlink:to="PurchaseOfTreasuryShares" xlink:title="Presentation: StatementOfChangesInEquityLineItems to PurchaseOfTreasuryShares" order="8.0" preferredLabel="http://www.xbrl.org/2003/role/label"/><link:loc xlink:type="locator" xlink:href="http://xbrl.ifrs.org/taxonomy/2020-03-16/full_ifrs/full_ifrs-cor_2020-03-16.xsd#ifrs-full_IncreaseDecreaseThroughSharebasedPaymentTransactions" xlink:label="IncreaseDecreaseThroughSharebasedPaymentTransactions" xlink:title="IncreaseDecreaseThroughSharebasedPaymentTransactions"/><link:presentationArc xlink:type="arc" xlink:arcrole="http://www.xbrl.org/2003/arcrole/parent-child" xlink:from="StatementOfChangesInEquityLineItems" xlink:to="IncreaseDecreaseThroughSharebasedPaymentTransactions" xlink:title="Presentation: StatementOfChangesInEquityLineItems to IncreaseDecreaseThroughSharebasedPaymentTransactions" order="9.0" preferredLabel="http://www.xbrl.org/2003/role/label"/><link:loc xlink:type="locator" xlink:href="http://xbrl.ifrs.org/taxonomy/2020-03-16/full_ifrs/full_ifrs-cor_2020-03-16.xsd#ifrs-full_DecreaseIncreaseThroughTaxOnSharebasedPaymentTransactions" xlink:label="DecreaseIncreaseThroughTaxOnSharebasedPaymentTransactions" xlink:title="DecreaseIncreaseThroughTaxOnSharebasedPaymentTransactions"/><link:presentationArc xlink:type="arc" xlink:arcrole="http://www.xbrl.org/2003/arcrole/parent-child" xlink:from="StatementOfChangesInEquityLineItems" xlink:to="DecreaseIncreaseThroughTaxOnSharebasedPaymentTransactions" xlink:title="Presentation: StatementOfChangesInEquityLineItems to DecreaseIncreaseThroughTaxOnSharebasedPaymentTransactions" order="10.0" preferredLabel="http://www.xbrl.org/2003/role/label"/><link:loc xlink:type="locator" xlink:href="http://xbrl.ifrs.org/taxonomy/2020-03-16/full_ifrs/full_ifrs-cor_2020-03-16.xsd#ifrs-full_IncreaseDecreaseThroughTransfersAndOtherChangesEquity" xlink:label="IncreaseDecreaseThroughTransfersAndOtherChangesEquity" xlink:title="IncreaseDecreaseThroughTransfersAndOtherChangesEquity"/><link:presentationArc xlink:type="arc" xlink:arcrole="http://www.xbrl.org/2003/arcrole/parent-child" xlink:from="StatementOfChangesInEquityLineItems" xlink:to="IncreaseDecreaseThroughTransfersAndOtherChangesEquity" xlink:title="Presentation: StatementOfChangesInEquityLineItems to IncreaseDecreaseThroughTransfersAndOtherChangesEquity" order="11.0" preferredLabel="http://www.xbrl.org/2003/role/totalLabel"/><link:loc xlink:type="locator" xlink:href="http://xbrl.ifrs.org/taxonomy/2020-03-16/full_ifrs/full_ifrs-cor_2020-03-16.xsd#ifrs-full_Equity" xlink:label="Equity_1" xlink:title="Equity 2"/><link:presentationArc xlink:type="arc" xlink:arcrole="http://www.xbrl.org/2003/arcrole/parent-child" xlink:from="StatementOfChangesInEquityLineItems" xlink:to="Equity_1" xlink:title="Presentation: StatementOfChangesInEquityLineItems to Equity_1" order="12.0" preferredLabel="http://www.xbrl.org/2003/role/periodEndLabel"/></link:presentationLink><link:presentationLink xlink:type="extended" xlink:role="http://xbrl.lundbeck.com/role/CashFlow"><link:loc xlink:type="locator" xlink:href="http://xbrl.ifrs.org/taxonomy/2020-03-16/full_ifrs/full_ifrs-cor_2020-03-16.xsd#ifrs-full_StatementOfCashFlowsAbstract" xlink:label="StatementOfCashFlowsAbstract" xlink:title="StatementOfCashFlowsAbstract"/><link:loc xlink:type="locator" xlink:href="http://xbrl.ifrs.org/taxonomy/2020-03-16/full_ifrs/full_ifrs-cor_2020-03-16.xsd#ifrs-full_CashFlowsFromUsedInOperatingActivitiesAbstract" xlink:label="CashFlowsFromUsedInOperatingActivitiesAbstract" xlink:title="CashFlowsFromUsedInOperatingActivitiesAbstract"/><link:presentationArc xlink:type="arc" xlink:arcrole="http://www.xbrl.org/2003/arcrole/parent-child" xlink:from="StatementOfCashFlowsAbstract" xlink:to="CashFlowsFromUsedInOperatingActivitiesAbstract" xlink:title="Presentation: StatementOfCashFlowsAbstract to CashFlowsFromUsedInOperatingActivitiesAbstract" order="1.0"/><link:loc xlink:type="locator" xlink:href="http://xbrl.ifrs.org/taxonomy/2020-03-16/full_ifrs/full_ifrs-cor_2020-03-16.xsd#ifrs-full_ProfitLossFromOperatingActivities" xlink:label="ProfitLossFromOperatingActivities" xlink:title="ProfitLossFromOperatingActivities"/><link:presentationArc xlink:type="arc" xlink:arcrole="http://www.xbrl.org/2003/arcrole/parent-child" xlink:from="CashFlowsFromUsedInOperatingActivitiesAbstract" xlink:to="ProfitLossFromOperatingActivities" xlink:title="Presentation: CashFlowsFromUsedInOperatingActivitiesAbstract to ProfitLossFromOperatingActivities" order="1.0" preferredLabel="http://www.xbrl.org/2003/role/label"/><link:loc xlink:type="locator" xlink:href="http://xbrl.ifrs.org/taxonomy/2020-03-16/full_ifrs/full_ifrs-cor_2020-03-16.xsd#ifrs-full_AdjustmentsForDepreciationAndAmortisationExpenseAndImpairmentLossReversalOfImpairmentLossRecognisedInProfitOrLoss" xlink:label="AdjustmentsForDepreciationAndAmortisationExpenseAndImpairmentLossReversalOfImpairmentLossRecognisedInProfitOrLoss" xlink:title="AdjustmentsForDepreciationAndAmortisationExpenseAndImpairmentLossReversalOfImpairmentLossRecognisedInProfitOrLoss"/><link:presentationArc xlink:type="arc" xlink:arcrole="http://www.xbrl.org/2003/arcrole/parent-child" xlink:from="CashFlowsFromUsedInOperatingActivitiesAbstract" xlink:to="AdjustmentsForDepreciationAndAmortisationExpenseAndImpairmentLossReversalOfImpairmentLossRecognisedInProfitOrLoss" xlink:title="Presentation: CashFlowsFromUsedInOperatingActivitiesAbstract to AdjustmentsForDepreciationAndAmortisationExpenseAndImpairmentLossReversalOfImpairmentLossRecognisedInProfitOrLoss" order="2.0" preferredLabel="http://www.xbrl.org/2003/role/label"/><link:loc xlink:type="locator" xlink:href="http://xbrl.ifrs.org/taxonomy/2020-03-16/full_ifrs/full_ifrs-cor_2020-03-16.xsd#ifrs-full_AdjustmentsForSharebasedPayments" xlink:label="AdjustmentsForSharebasedPayments" xlink:title="AdjustmentsForSharebasedPayments"/><link:presentationArc xlink:type="arc" xlink:arcrole="http://www.xbrl.org/2003/arcrole/parent-child" xlink:from="CashFlowsFromUsedInOperatingActivitiesAbstract" xlink:to="AdjustmentsForSharebasedPayments" xlink:title="Presentation: CashFlowsFromUsedInOperatingActivitiesAbstract to AdjustmentsForSharebasedPayments" order="3.0" preferredLabel="http://www.xbrl.org/2003/role/label"/><link:loc xlink:type="locator" xlink:href="http://xbrl.ifrs.org/taxonomy/2020-03-16/full_ifrs/full_ifrs-cor_2020-03-16.xsd#ifrs-full_AdjustmentsForProvisions" xlink:label="AdjustmentsForProvisions" xlink:title="AdjustmentsForProvisions"/><link:presentationArc xlink:type="arc" xlink:arcrole="http://www.xbrl.org/2003/arcrole/parent-child" xlink:from="CashFlowsFromUsedInOperatingActivitiesAbstract" xlink:to="AdjustmentsForProvisions" xlink:title="Presentation: CashFlowsFromUsedInOperatingActivitiesAbstract to AdjustmentsForProvisions" order="4.0" preferredLabel="http://www.xbrl.org/2003/role/label"/><link:loc xlink:type="locator" xlink:href="http://xbrl.ifrs.org/taxonomy/2020-03-16/full_ifrs/full_ifrs-cor_2020-03-16.xsd#ifrs-full_OtherAdjustmentsToReconcileProfitLoss" xlink:label="OtherAdjustmentsToReconcileProfitLoss" xlink:title="OtherAdjustmentsToReconcileProfitLoss"/><link:presentationArc xlink:type="arc" xlink:arcrole="http://www.xbrl.org/2003/arcrole/parent-child" xlink:from="CashFlowsFromUsedInOperatingActivitiesAbstract" xlink:to="OtherAdjustmentsToReconcileProfitLoss" xlink:title="Presentation: CashFlowsFromUsedInOperatingActivitiesAbstract to OtherAdjustmentsToReconcileProfitLoss" order="5.0" preferredLabel="http://www.xbrl.org/2003/role/label"/><link:loc xlink:type="locator" xlink:href="http://xbrl.ifrs.org/taxonomy/2020-03-16/full_ifrs/full_ifrs-cor_2020-03-16.xsd#ifrs-full_AdjustmentsForDecreaseIncreaseInInventories" xlink:label="AdjustmentsForDecreaseIncreaseInInventories" xlink:title="AdjustmentsForDecreaseIncreaseInInventories"/><link:presentationArc xlink:type="arc" xlink:arcrole="http://www.xbrl.org/2003/arcrole/parent-child" xlink:from="CashFlowsFromUsedInOperatingActivitiesAbstract" xlink:to="AdjustmentsForDecreaseIncreaseInInventories" xlink:title="Presentation: CashFlowsFromUsedInOperatingActivitiesAbstract to AdjustmentsForDecreaseIncreaseInInventories" order="6.0" preferredLabel="http://www.xbrl.org/2003/role/label"/><link:loc xlink:type="locator" xlink:href="http://xbrl.ifrs.org/taxonomy/2020-03-16/full_ifrs/full_ifrs-cor_2020-03-16.xsd#ifrs-full_AdjustmentsForDecreaseIncreaseInTradeAndOtherReceivables" xlink:label="AdjustmentsForDecreaseIncreaseInTradeAndOtherReceivables" xlink:title="AdjustmentsForDecreaseIncreaseInTradeAndOtherReceivables"/><link:presentationArc xlink:type="arc" xlink:arcrole="http://www.xbrl.org/2003/arcrole/parent-child" xlink:from="CashFlowsFromUsedInOperatingActivitiesAbstract" xlink:to="AdjustmentsForDecreaseIncreaseInTradeAndOtherReceivables" xlink:title="Presentation: CashFlowsFromUsedInOperatingActivitiesAbstract to AdjustmentsForDecreaseIncreaseInTradeAndOtherReceivables" order="7.0" preferredLabel="http://www.xbrl.org/2003/role/label"/><link:loc xlink:type="locator" xlink:href="http://xbrl.ifrs.org/taxonomy/2020-03-16/full_ifrs/full_ifrs-cor_2020-03-16.xsd#ifrs-full_AdjustmentsForIncreaseDecreaseInTradeAndOtherPayables" xlink:label="AdjustmentsForIncreaseDecreaseInTradeAndOtherPayables" xlink:title="AdjustmentsForIncreaseDecreaseInTradeAndOtherPayables"/><link:presentationArc xlink:type="arc" xlink:arcrole="http://www.xbrl.org/2003/arcrole/parent-child" xlink:from="CashFlowsFromUsedInOperatingActivitiesAbstract" xlink:to="AdjustmentsForIncreaseDecreaseInTradeAndOtherPayables" xlink:title="Presentation: CashFlowsFromUsedInOperatingActivitiesAbstract to AdjustmentsForIncreaseDecreaseInTradeAndOtherPayables" order="8.0" preferredLabel="http://www.xbrl.org/2003/role/label"/><link:loc xlink:type="locator" xlink:href="http://xbrl.ifrs.org/taxonomy/2020-03-16/full_ifrs/full_ifrs-cor_2020-03-16.xsd#ifrs-full_CashFlowsFromUsedInOperations" xlink:label="CashFlowsFromUsedInOperations" xlink:title="CashFlowsFromUsedInOperations"/><link:presentationArc xlink:type="arc" xlink:arcrole="http://www.xbrl.org/2003/arcrole/parent-child" xlink:from="CashFlowsFromUsedInOperatingActivitiesAbstract" xlink:to="CashFlowsFromUsedInOperations" xlink:title="Presentation: CashFlowsFromUsedInOperatingActivitiesAbstract to CashFlowsFromUsedInOperations" order="9.0" preferredLabel="http://www.xbrl.org/2003/role/totalLabel"/><link:loc xlink:type="locator" xlink:href="http://xbrl.ifrs.org/taxonomy/2020-03-16/full_ifrs/full_ifrs-cor_2020-03-16.xsd#ifrs-full_FinanceIncomeReceivedClassifiedAsOperatingActivities" xlink:label="FinanceIncomeReceivedClassifiedAsOperatingActivities" xlink:title="FinanceIncomeReceivedClassifiedAsOperatingActivities"/><link:presentationArc xlink:type="arc" xlink:arcrole="http://www.xbrl.org/2003/arcrole/parent-child" xlink:from="CashFlowsFromUsedInOperatingActivitiesAbstract" xlink:to="FinanceIncomeReceivedClassifiedAsOperatingActivities" xlink:title="Presentation: CashFlowsFromUsedInOperatingActivitiesAbstract to FinanceIncomeReceivedClassifiedAsOperatingActivities" order="10.0" preferredLabel="http://www.xbrl.org/2003/role/label"/><link:loc xlink:type="locator" xlink:href="http://xbrl.ifrs.org/taxonomy/2020-03-16/full_ifrs/full_ifrs-cor_2020-03-16.xsd#ifrs-full_FinanceCostsPaidClassifiedAsOperatingActivities" xlink:label="FinanceCostsPaidClassifiedAsOperatingActivities" xlink:title="FinanceCostsPaidClassifiedAsOperatingActivities"/><link:presentationArc xlink:type="arc" xlink:arcrole="http://www.xbrl.org/2003/arcrole/parent-child" xlink:from="CashFlowsFromUsedInOperatingActivitiesAbstract" xlink:to="FinanceCostsPaidClassifiedAsOperatingActivities" xlink:title="Presentation: CashFlowsFromUsedInOperatingActivitiesAbstract to FinanceCostsPaidClassifiedAsOperatingActivities" order="11.0" preferredLabel="http://www.xbrl.org/2003/role/label"/><link:loc xlink:type="locator" xlink:href="HLUNDBECK-2021-12-31.xsd#HLU_CashFlowsFromUsedInOperatingActivitiesBeforeTax" xlink:label="CashFlowsFromUsedInOperatingActivitiesBeforeTax" xlink:title="CashFlowsFromUsedInOperatingActivitiesBeforeTax"/><link:presentationArc xlink:type="arc" xlink:arcrole="http://www.xbrl.org/2003/arcrole/parent-child" xlink:from="CashFlowsFromUsedInOperatingActivitiesAbstract" xlink:to="CashFlowsFromUsedInOperatingActivitiesBeforeTax" xlink:title="Presentation: CashFlowsFromUsedInOperatingActivitiesAbstract to CashFlowsFromUsedInOperatingActivitiesBeforeTax" order="12.0" preferredLabel="http://www.xbrl.org/2003/role/totalLabel"/><link:loc xlink:type="locator" xlink:href="http://xbrl.ifrs.org/taxonomy/2020-03-16/full_ifrs/full_ifrs-cor_2020-03-16.xsd#ifrs-full_IncomeTaxesPaidClassifiedAsOperatingActivities" xlink:label="IncomeTaxesPaidClassifiedAsOperatingActivities" xlink:title="IncomeTaxesPaidClassifiedAsOperatingActivities"/><link:presentationArc xlink:type="arc" xlink:arcrole="http://www.xbrl.org/2003/arcrole/parent-child" xlink:from="CashFlowsFromUsedInOperatingActivitiesAbstract" xlink:to="IncomeTaxesPaidClassifiedAsOperatingActivities" xlink:title="Presentation: CashFlowsFromUsedInOperatingActivitiesAbstract to IncomeTaxesPaidClassifiedAsOperatingActivities" order="13.0" preferredLabel="http://www.xbrl.org/2003/role/label"/><link:loc xlink:type="locator" xlink:href="http://xbrl.ifrs.org/taxonomy/2020-03-16/full_ifrs/full_ifrs-cor_2020-03-16.xsd#ifrs-full_CashFlowsFromUsedInOperatingActivities" xlink:label="CashFlowsFromUsedInOperatingActivities" xlink:title="CashFlowsFromUsedInOperatingActivities"/><link:presentationArc xlink:type="arc" xlink:arcrole="http://www.xbrl.org/2003/arcrole/parent-child" xlink:from="CashFlowsFromUsedInOperatingActivitiesAbstract" xlink:to="CashFlowsFromUsedInOperatingActivities" xlink:title="Presentation: CashFlowsFromUsedInOperatingActivitiesAbstract to CashFlowsFromUsedInOperatingActivities" order="14.0" preferredLabel="http://www.xbrl.org/2003/role/totalLabel"/><link:loc xlink:type="locator" xlink:href="http://xbrl.ifrs.org/taxonomy/2020-03-16/full_ifrs/full_ifrs-cor_2020-03-16.xsd#ifrs-full_CashFlowsFromUsedInInvestingActivitiesAbstract" xlink:label="CashFlowsFromUsedInInvestingActivitiesAbstract" xlink:title="CashFlowsFromUsedInInvestingActivitiesAbstract"/><link:presentationArc xlink:type="arc" xlink:arcrole="http://www.xbrl.org/2003/arcrole/parent-child" xlink:from="StatementOfCashFlowsAbstract" xlink:to="CashFlowsFromUsedInInvestingActivitiesAbstract" xlink:title="Presentation: StatementOfCashFlowsAbstract to CashFlowsFromUsedInInvestingActivitiesAbstract" order="2.0"/><link:loc xlink:type="locator" xlink:href="http://xbrl.ifrs.org/taxonomy/2020-03-16/full_ifrs/full_ifrs-cor_2020-03-16.xsd#ifrs-full_PurchaseOfIntangibleAssetsClassifiedAsInvestingActivities" xlink:label="PurchaseOfIntangibleAssetsClassifiedAsInvestingActivities" xlink:title="PurchaseOfIntangibleAssetsClassifiedAsInvestingActivities"/><link:presentationArc xlink:type="arc" xlink:arcrole="http://www.xbrl.org/2003/arcrole/parent-child" xlink:from="CashFlowsFromUsedInInvestingActivitiesAbstract" xlink:to="PurchaseOfIntangibleAssetsClassifiedAsInvestingActivities" xlink:title="Presentation: CashFlowsFromUsedInInvestingActivitiesAbstract to PurchaseOfIntangibleAssetsClassifiedAsInvestingActivities" order="1.0" preferredLabel="http://www.xbrl.org/2003/role/label"/><link:loc xlink:type="locator" xlink:href="http://xbrl.ifrs.org/taxonomy/2020-03-16/full_ifrs/full_ifrs-cor_2020-03-16.xsd#ifrs-full_PurchaseOfPropertyPlantAndEquipmentClassifiedAsInvestingActivities" xlink:label="PurchaseOfPropertyPlantAndEquipmentClassifiedAsInvestingActivities" xlink:title="PurchaseOfPropertyPlantAndEquipmentClassifiedAsInvestingActivities"/><link:presentationArc xlink:type="arc" xlink:arcrole="http://www.xbrl.org/2003/arcrole/parent-child" xlink:from="CashFlowsFromUsedInInvestingActivitiesAbstract" xlink:to="PurchaseOfPropertyPlantAndEquipmentClassifiedAsInvestingActivities" xlink:title="Presentation: CashFlowsFromUsedInInvestingActivitiesAbstract to PurchaseOfPropertyPlantAndEquipmentClassifiedAsInvestingActivities" order="2.0" preferredLabel="http://www.xbrl.org/2003/role/label"/><link:loc xlink:type="locator" xlink:href="http://xbrl.ifrs.org/taxonomy/2020-03-16/full_ifrs/full_ifrs-cor_2020-03-16.xsd#ifrs-full_ProceedsFromSalesOfPropertyPlantAndEquipmentClassifiedAsInvestingActivities" xlink:label="ProceedsFromSalesOfPropertyPlantAndEquipmentClassifiedAsInvestingActivities" xlink:title="ProceedsFromSalesOfPropertyPlantAndEquipmentClassifiedAsInvestingActivities"/><link:presentationArc xlink:type="arc" xlink:arcrole="http://www.xbrl.org/2003/arcrole/parent-child" xlink:from="CashFlowsFromUsedInInvestingActivitiesAbstract" xlink:to="ProceedsFromSalesOfPropertyPlantAndEquipmentClassifiedAsInvestingActivities" xlink:title="Presentation: CashFlowsFromUsedInInvestingActivitiesAbstract to ProceedsFromSalesOfPropertyPlantAndEquipmentClassifiedAsInvestingActivities" order="3.0" preferredLabel="http://www.xbrl.org/2003/role/label"/><link:loc xlink:type="locator" xlink:href="HLUNDBECK-2021-12-31.xsd#HLU_PurchaseOfOtherFinancialAssetsClassifiedAsInvestingActivities" xlink:label="PurchaseOfOtherFinancialAssetsClassifiedAsInvestingActivities" xlink:title="PurchaseOfOtherFinancialAssetsClassifiedAsInvestingActivities"/><link:presentationArc xlink:type="arc" xlink:arcrole="http://www.xbrl.org/2003/arcrole/parent-child" xlink:from="CashFlowsFromUsedInInvestingActivitiesAbstract" xlink:to="PurchaseOfOtherFinancialAssetsClassifiedAsInvestingActivities" xlink:title="Presentation: CashFlowsFromUsedInInvestingActivitiesAbstract to PurchaseOfOtherFinancialAssetsClassifiedAsInvestingActivities" order="4.0" preferredLabel="http://www.xbrl.org/2003/role/label"/><link:loc xlink:type="locator" xlink:href="HLUNDBECK-2021-12-31.xsd#HLU_ProceedsFromSalesOfOtherFinancialAssetsClassifiedAsInvestingActivities" xlink:label="ProceedsFromSalesOfOtherFinancialAssetsClassifiedAsInvestingActivities" xlink:title="ProceedsFromSalesOfOtherFinancialAssetsClassifiedAsInvestingActivities"/><link:presentationArc xlink:type="arc" xlink:arcrole="http://www.xbrl.org/2003/arcrole/parent-child" xlink:from="CashFlowsFromUsedInInvestingActivitiesAbstract" xlink:to="ProceedsFromSalesOfOtherFinancialAssetsClassifiedAsInvestingActivities" xlink:title="Presentation: CashFlowsFromUsedInInvestingActivitiesAbstract to ProceedsFromSalesOfOtherFinancialAssetsClassifiedAsInvestingActivities" order="5.0" preferredLabel="http://www.xbrl.org/2003/role/label"/><link:loc xlink:type="locator" xlink:href="http://xbrl.ifrs.org/taxonomy/2020-03-16/full_ifrs/full_ifrs-cor_2020-03-16.xsd#ifrs-full_CashFlowsFromUsedInInvestingActivities" xlink:label="CashFlowsFromUsedInInvestingActivities" xlink:title="CashFlowsFromUsedInInvestingActivities"/><link:presentationArc xlink:type="arc" xlink:arcrole="http://www.xbrl.org/2003/arcrole/parent-child" xlink:from="CashFlowsFromUsedInInvestingActivitiesAbstract" xlink:to="CashFlowsFromUsedInInvestingActivities" xlink:title="Presentation: CashFlowsFromUsedInInvestingActivitiesAbstract to CashFlowsFromUsedInInvestingActivities" order="6.0" preferredLabel="http://www.xbrl.org/2003/role/totalLabel"/><link:loc xlink:type="locator" xlink:href="HLUNDBECK-2021-12-31.xsd#HLU_CashFlowsFromUsedInOperatingAndInvestingActivities" xlink:label="CashFlowsFromUsedInOperatingAndInvestingActivities" xlink:title="CashFlowsFromUsedInOperatingAndInvestingActivities"/><link:presentationArc xlink:type="arc" xlink:arcrole="http://www.xbrl.org/2003/arcrole/parent-child" xlink:from="StatementOfCashFlowsAbstract" xlink:to="CashFlowsFromUsedInOperatingAndInvestingActivities" xlink:title="Presentation: StatementOfCashFlowsAbstract to CashFlowsFromUsedInOperatingAndInvestingActivities" order="3.0" preferredLabel="http://www.xbrl.org/2003/role/totalLabel"/><link:loc xlink:type="locator" xlink:href="http://xbrl.ifrs.org/taxonomy/2020-03-16/full_ifrs/full_ifrs-cor_2020-03-16.xsd#ifrs-full_CashFlowsFromUsedInFinancingActivitiesAbstract" xlink:label="CashFlowsFromUsedInFinancingActivitiesAbstract" xlink:title="CashFlowsFromUsedInFinancingActivitiesAbstract"/><link:presentationArc xlink:type="arc" xlink:arcrole="http://www.xbrl.org/2003/arcrole/parent-child" xlink:from="StatementOfCashFlowsAbstract" xlink:to="CashFlowsFromUsedInFinancingActivitiesAbstract" xlink:title="Presentation: StatementOfCashFlowsAbstract to CashFlowsFromUsedInFinancingActivitiesAbstract" order="4.0"/><link:loc xlink:type="locator" xlink:href="http://xbrl.ifrs.org/taxonomy/2020-03-16/full_ifrs/full_ifrs-cor_2020-03-16.xsd#ifrs-full_ProceedsFromBorrowingsClassifiedAsFinancingActivities" xlink:label="ProceedsFromBorrowingsClassifiedAsFinancingActivities" xlink:title="ProceedsFromBorrowingsClassifiedAsFinancingActivities"/><link:presentationArc xlink:type="arc" xlink:arcrole="http://www.xbrl.org/2003/arcrole/parent-child" xlink:from="CashFlowsFromUsedInFinancingActivitiesAbstract" xlink:to="ProceedsFromBorrowingsClassifiedAsFinancingActivities" xlink:title="Presentation: CashFlowsFromUsedInFinancingActivitiesAbstract to ProceedsFromBorrowingsClassifiedAsFinancingActivities" order="1.0" preferredLabel="http://www.xbrl.org/2003/role/label"/><link:loc xlink:type="locator" xlink:href="http://xbrl.ifrs.org/taxonomy/2020-03-16/full_ifrs/full_ifrs-cor_2020-03-16.xsd#ifrs-full_RepaymentsOfBorrowingsClassifiedAsFinancingActivities" xlink:label="RepaymentsOfBorrowingsClassifiedAsFinancingActivities" xlink:title="RepaymentsOfBorrowingsClassifiedAsFinancingActivities"/><link:presentationArc xlink:type="arc" xlink:arcrole="http://www.xbrl.org/2003/arcrole/parent-child" xlink:from="CashFlowsFromUsedInFinancingActivitiesAbstract" xlink:to="RepaymentsOfBorrowingsClassifiedAsFinancingActivities" xlink:title="Presentation: CashFlowsFromUsedInFinancingActivitiesAbstract to RepaymentsOfBorrowingsClassifiedAsFinancingActivities" order="2.0" preferredLabel="http://www.xbrl.org/2003/role/label"/><link:loc xlink:type="locator" xlink:href="http://xbrl.ifrs.org/taxonomy/2020-03-16/full_ifrs/full_ifrs-cor_2020-03-16.xsd#ifrs-full_PaymentsOfLeaseLiabilitiesClassifiedAsFinancingActivities" xlink:label="PaymentsOfLeaseLiabilitiesClassifiedAsFinancingActivities" xlink:title="PaymentsOfLeaseLiabilitiesClassifiedAsFinancingActivities"/><link:presentationArc xlink:type="arc" xlink:arcrole="http://www.xbrl.org/2003/arcrole/parent-child" xlink:from="CashFlowsFromUsedInFinancingActivitiesAbstract" xlink:to="PaymentsOfLeaseLiabilitiesClassifiedAsFinancingActivities" xlink:title="Presentation: CashFlowsFromUsedInFinancingActivitiesAbstract to PaymentsOfLeaseLiabilitiesClassifiedAsFinancingActivities" order="3.0" preferredLabel="http://www.xbrl.org/2003/role/label"/><link:loc xlink:type="locator" xlink:href="http://xbrl.ifrs.org/taxonomy/2020-03-16/full_ifrs/full_ifrs-cor_2020-03-16.xsd#ifrs-full_PaymentsToAcquireOrRedeemEntitysShares" xlink:label="PaymentsToAcquireOrRedeemEntitysShares" xlink:title="PaymentsToAcquireOrRedeemEntitysShares"/><link:presentationArc xlink:type="arc" xlink:arcrole="http://www.xbrl.org/2003/arcrole/parent-child" xlink:from="CashFlowsFromUsedInFinancingActivitiesAbstract" xlink:to="PaymentsToAcquireOrRedeemEntitysShares" xlink:title="Presentation: CashFlowsFromUsedInFinancingActivitiesAbstract to PaymentsToAcquireOrRedeemEntitysShares" order="4.0" preferredLabel="http://www.xbrl.org/2003/role/label"/><link:loc xlink:type="locator" xlink:href="HLUNDBECK-2021-12-31.xsd#HLU_ProceedsFromExerciseOfWarrantsClassifiedAsFinancingActivities" xlink:label="ProceedsFromExerciseOfWarrantsClassifiedAsFinancingActivities" xlink:title="ProceedsFromExerciseOfWarrantsClassifiedAsFinancingActivities"/><link:presentationArc xlink:type="arc" xlink:arcrole="http://www.xbrl.org/2003/arcrole/parent-child" xlink:from="CashFlowsFromUsedInFinancingActivitiesAbstract" xlink:to="ProceedsFromExerciseOfWarrantsClassifiedAsFinancingActivities" xlink:title="Presentation: CashFlowsFromUsedInFinancingActivitiesAbstract to ProceedsFromExerciseOfWarrantsClassifiedAsFinancingActivities" order="5.0" preferredLabel="http://www.xbrl.org/2003/role/label"/><link:loc xlink:type="locator" xlink:href="http://xbrl.ifrs.org/taxonomy/2020-03-16/full_ifrs/full_ifrs-cor_2020-03-16.xsd#ifrs-full_DividendsPaidClassifiedAsFinancingActivities" xlink:label="DividendsPaidClassifiedAsFinancingActivities" xlink:title="DividendsPaidClassifiedAsFinancingActivities"/><link:presentationArc xlink:type="arc" xlink:arcrole="http://www.xbrl.org/2003/arcrole/parent-child" xlink:from="CashFlowsFromUsedInFinancingActivitiesAbstract" xlink:to="DividendsPaidClassifiedAsFinancingActivities" xlink:title="Presentation: CashFlowsFromUsedInFinancingActivitiesAbstract to DividendsPaidClassifiedAsFinancingActivities" order="6.0" preferredLabel="http://www.xbrl.org/2003/role/label"/><link:loc xlink:type="locator" xlink:href="http://xbrl.ifrs.org/taxonomy/2020-03-16/full_ifrs/full_ifrs-cor_2020-03-16.xsd#ifrs-full_CashFlowsFromUsedInFinancingActivities" xlink:label="CashFlowsFromUsedInFinancingActivities" xlink:title="CashFlowsFromUsedInFinancingActivities"/><link:presentationArc xlink:type="arc" xlink:arcrole="http://www.xbrl.org/2003/arcrole/parent-child" xlink:from="CashFlowsFromUsedInFinancingActivitiesAbstract" xlink:to="CashFlowsFromUsedInFinancingActivities" xlink:title="Presentation: CashFlowsFromUsedInFinancingActivitiesAbstract to CashFlowsFromUsedInFinancingActivities" order="7.0" preferredLabel="http://www.xbrl.org/2003/role/totalLabel"/><link:loc xlink:type="locator" xlink:href="http://xbrl.ifrs.org/taxonomy/2020-03-16/full_ifrs/full_ifrs-cor_2020-03-16.xsd#ifrs-full_IncreaseDecreaseInCashAndCashEquivalentsBeforeEffectOfExchangeRateChanges" xlink:label="IncreaseDecreaseInCashAndCashEquivalentsBeforeEffectOfExchangeRateChanges" xlink:title="IncreaseDecreaseInCashAndCashEquivalentsBeforeEffectOfExchangeRateChanges"/><link:presentationArc xlink:type="arc" xlink:arcrole="http://www.xbrl.org/2003/arcrole/parent-child" xlink:from="StatementOfCashFlowsAbstract" xlink:to="IncreaseDecreaseInCashAndCashEquivalentsBeforeEffectOfExchangeRateChanges" xlink:title="Presentation: StatementOfCashFlowsAbstract to IncreaseDecreaseInCashAndCashEquivalentsBeforeEffectOfExchangeRateChanges" order="5.0" preferredLabel="http://www.xbrl.org/2003/role/totalLabel"/><link:loc xlink:type="locator" xlink:href="http://xbrl.ifrs.org/taxonomy/2020-03-16/full_ifrs/full_ifrs-cor_2020-03-16.xsd#ifrs-full_CashAndCashEquivalents" xlink:label="CashAndCashEquivalents" xlink:title="CashAndCashEquivalents"/><link:presentationArc xlink:type="arc" xlink:arcrole="http://www.xbrl.org/2003/arcrole/parent-child" xlink:from="StatementOfCashFlowsAbstract" xlink:to="CashAndCashEquivalents" xlink:title="Presentation: StatementOfCashFlowsAbstract to CashAndCashEquivalents" order="6.0" preferredLabel="http://www.xbrl.org/2003/role/periodStartLabel"/><link:loc xlink:type="locator" xlink:href="http://xbrl.ifrs.org/taxonomy/2020-03-16/full_ifrs/full_ifrs-cor_2020-03-16.xsd#ifrs-full_EffectOfExchangeRateChangesOnCashAndCashEquivalents" xlink:label="EffectOfExchangeRateChangesOnCashAndCashEquivalents" xlink:title="EffectOfExchangeRateChangesOnCashAndCashEquivalents"/><link:presentationArc xlink:type="arc" xlink:arcrole="http://www.xbrl.org/2003/arcrole/parent-child" xlink:from="StatementOfCashFlowsAbstract" xlink:to="EffectOfExchangeRateChangesOnCashAndCashEquivalents" xlink:title="Presentation: StatementOfCashFlowsAbstract to EffectOfExchangeRateChangesOnCashAndCashEquivalents" order="7.0" preferredLabel="http://www.xbrl.org/2003/role/label"/><link:loc xlink:type="locator" xlink:href="http://xbrl.ifrs.org/taxonomy/2020-03-16/full_ifrs/full_ifrs-cor_2020-03-16.xsd#ifrs-full_IncreaseDecreaseInCashAndCashEquivalentsBeforeEffectOfExchangeRateChanges" xlink:label="IncreaseDecreaseInCashAndCashEquivalentsBeforeEffectOfExchangeRateChanges_1" xlink:title="IncreaseDecreaseInCashAndCashEquivalentsBeforeEffectOfExchangeRateChanges 2"/><link:presentationArc xlink:type="arc" xlink:arcrole="http://www.xbrl.org/2003/arcrole/parent-child" xlink:from="StatementOfCashFlowsAbstract" xlink:to="IncreaseDecreaseInCashAndCashEquivalentsBeforeEffectOfExchangeRateChanges_1" xlink:title="Presentation: StatementOfCashFlowsAbstract to IncreaseDecreaseInCashAndCashEquivalentsBeforeEffectOfExchangeRateChanges_1" order="8.0" preferredLabel="http://www.xbrl.org/2003/role/label"/><link:loc xlink:type="locator" xlink:href="http://xbrl.ifrs.org/taxonomy/2020-03-16/full_ifrs/full_ifrs-cor_2020-03-16.xsd#ifrs-full_CashAndCashEquivalents" xlink:label="CashAndCashEquivalents_1" xlink:title="CashAndCashEquivalents 2"/><link:presentationArc xlink:type="arc" xlink:arcrole="http://www.xbrl.org/2003/arcrole/parent-child" xlink:from="StatementOfCashFlowsAbstract" xlink:to="CashAndCashEquivalents_1" xlink:title="Presentation: StatementOfCashFlowsAbstract to CashAndCashEquivalents_1" order="9.0" preferredLabel="http://www.xbrl.org/2003/role/periodEndLabel"/></link:presentationLink></link:linkbase>