<?xml version="1.0" encoding ="UTF-8"?><link:linkbase xmlns:xsi="http://www.w3.org/2001/XMLSchema-instance" xsi:schemaLocation="http://www.xbrl.org/2003/linkbase http://www.xbrl.org/2003/xbrl-linkbase-2003-12-31.xsd" xmlns:link="http://www.xbrl.org/2003/linkbase" xmlns:xbrli="http://www.xbrl.org/2003/instance" xmlns:xlink="http://www.w3.org/1999/xlink" xmlns:xbrldt="http://xbrl.org/2005/xbrldt"><link:arcroleRef arcroleURI="http://xbrl.org/int/dim/arcrole/domain-member" xlink:type="simple" xlink:href="http://www.xbrl.org/2005/xbrldt-2005.xsd#domain-member"/><link:arcroleRef arcroleURI="http://xbrl.org/int/dim/arcrole/dimension-default" xlink:type="simple" xlink:href="http://www.xbrl.org/2005/xbrldt-2005.xsd#dimension-default"/><link:arcroleRef arcroleURI="http://xbrl.org/int/dim/arcrole/dimension-domain" xlink:type="simple" xlink:href="http://www.xbrl.org/2005/xbrldt-2005.xsd#dimension-domain"/><link:arcroleRef arcroleURI="http://xbrl.org/int/dim/arcrole/hypercube-dimension" xlink:type="simple" xlink:href="http://www.xbrl.org/2005/xbrldt-2005.xsd#hypercube-dimension"/><link:arcroleRef arcroleURI="http://xbrl.org/int/dim/arcrole/all" xlink:type="simple" xlink:href="http://www.xbrl.org/2005/xbrldt-2005.xsd#all"/><link:arcroleRef arcroleURI="http://www.esma.europa.eu/xbrl/esef/arcrole/wider-narrower" xlink:type="simple" xlink:href="http://www.xbrl.org/lrr/arcrole/esma-arcrole-2018-11-21.xsd#wider-narrower"/><link:roleRef roleURI="http://xbrl.lundbeck.com/role/ChangesinEquity" xlink:type="simple" xlink:href="HLUNDBECK-2021-12-31.xsd#ChangesinEquity"/><link:roleRef roleURI="http://www.esma.europa.eu/xbrl/role/cor/esef_role-999999" xlink:type="simple" xlink:href="http://www.esma.europa.eu/taxonomy/2020-03-16/esef_cor.xsd#esef_role-999999"/><link:roleRef roleURI="http://xbrl.lundbeck.com/role/Anchoring" xlink:type="simple" xlink:href="HLUNDBECK-2021-12-31.xsd#Anchoring"/><link:definitionLink xlink:type="extended" xlink:role="http://xbrl.lundbeck.com/role/ChangesinEquity"><link:loc xlink:type="locator" xlink:href="http://xbrl.ifrs.org/taxonomy/2020-03-16/full_ifrs/full_ifrs-cor_2020-03-16.xsd#ifrs-full_StatementOfChangesInEquityAbstract" xlink:label="StatementOfChangesInEquityAbstract" xlink:title="StatementOfChangesInEquityAbstract"/><link:loc xlink:type="locator" xlink:href="http://xbrl.ifrs.org/taxonomy/2020-03-16/full_ifrs/full_ifrs-cor_2020-03-16.xsd#ifrs-full_StatementOfChangesInEquityTable" xlink:label="ifrs-full_StatementOfChangesInEquityTable" xlink:title="ifrs-full_StatementOfChangesInEquityTable"/><link:definitionArc xlink:type="arc" xlink:arcrole="http://xbrl.org/int/dim/arcrole/all" xlink:from="StatementOfChangesInEquityAbstract" xlink:to="ifrs-full_StatementOfChangesInEquityTable" xbrldt:closed="true" xbrldt:contextElement="scenario" order="1.0"/><link:loc xlink:type="locator" xlink:href="http://xbrl.ifrs.org/taxonomy/2020-03-16/full_ifrs/full_ifrs-cor_2020-03-16.xsd#ifrs-full_ComponentsOfEquityAxis" xlink:label="ComponentsOfEquityAxis" xlink:title="ComponentsOfEquityAxis"/><link:definitionArc xlink:type="arc" xlink:arcrole="http://xbrl.org/int/dim/arcrole/hypercube-dimension" xlink:from="ifrs-full_StatementOfChangesInEquityTable" xlink:to="ComponentsOfEquityAxis" xlink:title="Definition: ifrs-full_StatementOfChangesInEquityTable to ComponentsOfEquityAxis" order="1.0"/><link:loc xlink:type="locator" xlink:href="http://xbrl.ifrs.org/taxonomy/2020-03-16/full_ifrs/full_ifrs-cor_2020-03-16.xsd#ifrs-full_EquityMember" xlink:label="EquityMember" xlink:title="EquityMember"/><link:definitionArc xlink:type="arc" xlink:arcrole="http://xbrl.org/int/dim/arcrole/dimension-domain" xlink:from="ComponentsOfEquityAxis" xlink:to="EquityMember" xlink:title="Definition: ComponentsOfEquityAxis to EquityMember" order="1.0"/><link:loc xlink:type="locator" xlink:href="http://xbrl.ifrs.org/taxonomy/2020-03-16/full_ifrs/full_ifrs-cor_2020-03-16.xsd#ifrs-full_IssuedCapitalMember" xlink:label="IssuedCapitalMember" xlink:title="IssuedCapitalMember"/><link:definitionArc xlink:type="arc" xlink:arcrole="http://xbrl.org/int/dim/arcrole/domain-member" xlink:from="EquityMember" xlink:to="IssuedCapitalMember" xlink:title="Definition: EquityMember to IssuedCapitalMember" order="1.0"/><link:loc xlink:type="locator" xlink:href="http://xbrl.ifrs.org/taxonomy/2020-03-16/full_ifrs/full_ifrs-cor_2020-03-16.xsd#ifrs-full_ReserveOfExchangeDifferencesOnTranslationMember" xlink:label="ReserveOfExchangeDifferencesOnTranslationMember" xlink:title="ReserveOfExchangeDifferencesOnTranslationMember"/><link:definitionArc xlink:type="arc" xlink:arcrole="http://xbrl.org/int/dim/arcrole/domain-member" xlink:from="EquityMember" xlink:to="ReserveOfExchangeDifferencesOnTranslationMember" xlink:title="Definition: EquityMember to ReserveOfExchangeDifferencesOnTranslationMember" order="2.0"/><link:loc xlink:type="locator" xlink:href="http://xbrl.ifrs.org/taxonomy/2020-03-16/full_ifrs/full_ifrs-cor_2020-03-16.xsd#ifrs-full_ReserveOfCashFlowHedgesMember" xlink:label="ReserveOfCashFlowHedgesMember" xlink:title="ReserveOfCashFlowHedgesMember"/><link:definitionArc xlink:type="arc" xlink:arcrole="http://xbrl.org/int/dim/arcrole/domain-member" xlink:from="EquityMember" xlink:to="ReserveOfCashFlowHedgesMember" xlink:title="Definition: EquityMember to ReserveOfCashFlowHedgesMember" order="3.0"/><link:loc xlink:type="locator" xlink:href="http://xbrl.ifrs.org/taxonomy/2020-03-16/full_ifrs/full_ifrs-cor_2020-03-16.xsd#ifrs-full_RetainedEarningsMember" xlink:label="RetainedEarningsMember" xlink:title="RetainedEarningsMember"/><link:definitionArc xlink:type="arc" xlink:arcrole="http://xbrl.org/int/dim/arcrole/domain-member" xlink:from="EquityMember" xlink:to="RetainedEarningsMember" xlink:title="Definition: EquityMember to RetainedEarningsMember" order="4.0"/><link:loc xlink:type="locator" xlink:href="http://xbrl.ifrs.org/taxonomy/2020-03-16/full_ifrs/full_ifrs-cor_2020-03-16.xsd#ifrs-full_StatementOfChangesInEquityLineItems" xlink:label="StatementOfChangesInEquityLineItems" xlink:title="StatementOfChangesInEquityLineItems"/><link:definitionArc xlink:type="arc" xlink:arcrole="http://xbrl.org/int/dim/arcrole/domain-member" xlink:from="StatementOfChangesInEquityAbstract" xlink:to="StatementOfChangesInEquityLineItems" xlink:title="Definition: StatementOfChangesInEquityAbstract to StatementOfChangesInEquityLineItems" order="2.0"/><link:loc xlink:type="locator" xlink:href="http://xbrl.ifrs.org/taxonomy/2020-03-16/full_ifrs/full_ifrs-cor_2020-03-16.xsd#ifrs-full_Equity" xlink:label="Equity" xlink:title="Equity"/><link:definitionArc xlink:type="arc" xlink:arcrole="http://xbrl.org/int/dim/arcrole/domain-member" xlink:from="StatementOfChangesInEquityLineItems" xlink:to="Equity" xlink:title="Definition: StatementOfChangesInEquityLineItems to Equity" order="1.0"/><link:loc xlink:type="locator" xlink:href="http://xbrl.ifrs.org/taxonomy/2020-03-16/full_ifrs/full_ifrs-cor_2020-03-16.xsd#ifrs-full_ProfitLoss" xlink:label="ProfitLoss" xlink:title="ProfitLoss"/><link:definitionArc xlink:type="arc" xlink:arcrole="http://xbrl.org/int/dim/arcrole/domain-member" xlink:from="StatementOfChangesInEquityLineItems" xlink:to="ProfitLoss" xlink:title="Definition: StatementOfChangesInEquityLineItems to ProfitLoss" order="2.0"/><link:loc xlink:type="locator" xlink:href="http://xbrl.ifrs.org/taxonomy/2020-03-16/full_ifrs/full_ifrs-cor_2020-03-16.xsd#ifrs-full_OtherComprehensiveIncome" xlink:label="OtherComprehensiveIncome" xlink:title="OtherComprehensiveIncome"/><link:definitionArc xlink:type="arc" xlink:arcrole="http://xbrl.org/int/dim/arcrole/domain-member" xlink:from="StatementOfChangesInEquityLineItems" xlink:to="OtherComprehensiveIncome" xlink:title="Definition: StatementOfChangesInEquityLineItems to OtherComprehensiveIncome" order="3.0"/><link:loc xlink:type="locator" xlink:href="http://xbrl.ifrs.org/taxonomy/2020-03-16/full_ifrs/full_ifrs-cor_2020-03-16.xsd#ifrs-full_ComprehensiveIncome" xlink:label="ComprehensiveIncome" xlink:title="ComprehensiveIncome"/><link:definitionArc xlink:type="arc" xlink:arcrole="http://xbrl.org/int/dim/arcrole/domain-member" xlink:from="StatementOfChangesInEquityLineItems" xlink:to="ComprehensiveIncome" xlink:title="Definition: StatementOfChangesInEquityLineItems to ComprehensiveIncome" order="4.0"/><link:loc xlink:type="locator" xlink:href="http://xbrl.ifrs.org/taxonomy/2020-03-16/full_ifrs/full_ifrs-cor_2020-03-16.xsd#ifrs-full_DividendsPaid" xlink:label="DividendsPaid" xlink:title="DividendsPaid"/><link:definitionArc xlink:type="arc" xlink:arcrole="http://xbrl.org/int/dim/arcrole/domain-member" xlink:from="StatementOfChangesInEquityLineItems" xlink:to="DividendsPaid" xlink:title="Definition: StatementOfChangesInEquityLineItems to DividendsPaid" order="5.0"/><link:loc xlink:type="locator" xlink:href="HLUNDBECK-2021-12-31.xsd#HLU_DividendsReceivedFromTreasuryShares" xlink:label="DividendsReceivedFromTreasuryShares" xlink:title="DividendsReceivedFromTreasuryShares"/><link:definitionArc xlink:type="arc" xlink:arcrole="http://xbrl.org/int/dim/arcrole/domain-member" xlink:from="StatementOfChangesInEquityLineItems" xlink:to="DividendsReceivedFromTreasuryShares" xlink:title="Definition: StatementOfChangesInEquityLineItems to DividendsReceivedFromTreasuryShares" order="6.0"/><link:loc xlink:type="locator" xlink:href="http://xbrl.ifrs.org/taxonomy/2020-03-16/full_ifrs/full_ifrs-cor_2020-03-16.xsd#ifrs-full_PurchaseOfTreasuryShares" xlink:label="PurchaseOfTreasuryShares" xlink:title="PurchaseOfTreasuryShares"/><link:definitionArc xlink:type="arc" xlink:arcrole="http://xbrl.org/int/dim/arcrole/domain-member" xlink:from="StatementOfChangesInEquityLineItems" xlink:to="PurchaseOfTreasuryShares" xlink:title="Definition: StatementOfChangesInEquityLineItems to PurchaseOfTreasuryShares" order="7.0"/><link:loc xlink:type="locator" xlink:href="http://xbrl.ifrs.org/taxonomy/2020-03-16/full_ifrs/full_ifrs-cor_2020-03-16.xsd#ifrs-full_IncreaseDecreaseThroughSharebasedPaymentTransactions" xlink:label="IncreaseDecreaseThroughSharebasedPaymentTransactions" xlink:title="IncreaseDecreaseThroughSharebasedPaymentTransactions"/><link:definitionArc xlink:type="arc" xlink:arcrole="http://xbrl.org/int/dim/arcrole/domain-member" xlink:from="StatementOfChangesInEquityLineItems" xlink:to="IncreaseDecreaseThroughSharebasedPaymentTransactions" xlink:title="Definition: StatementOfChangesInEquityLineItems to IncreaseDecreaseThroughSharebasedPaymentTransactions" order="8.0"/><link:loc xlink:type="locator" xlink:href="http://xbrl.ifrs.org/taxonomy/2020-03-16/full_ifrs/full_ifrs-cor_2020-03-16.xsd#ifrs-full_DecreaseIncreaseThroughTaxOnSharebasedPaymentTransactions" xlink:label="DecreaseIncreaseThroughTaxOnSharebasedPaymentTransactions" xlink:title="DecreaseIncreaseThroughTaxOnSharebasedPaymentTransactions"/><link:definitionArc xlink:type="arc" xlink:arcrole="http://xbrl.org/int/dim/arcrole/domain-member" xlink:from="StatementOfChangesInEquityLineItems" xlink:to="DecreaseIncreaseThroughTaxOnSharebasedPaymentTransactions" xlink:title="Definition: StatementOfChangesInEquityLineItems to DecreaseIncreaseThroughTaxOnSharebasedPaymentTransactions" order="9.0"/><link:loc xlink:type="locator" xlink:href="http://xbrl.ifrs.org/taxonomy/2020-03-16/full_ifrs/full_ifrs-cor_2020-03-16.xsd#ifrs-full_IncreaseDecreaseThroughTransfersAndOtherChangesEquity" xlink:label="IncreaseDecreaseThroughTransfersAndOtherChangesEquity" xlink:title="IncreaseDecreaseThroughTransfersAndOtherChangesEquity"/><link:definitionArc xlink:type="arc" xlink:arcrole="http://xbrl.org/int/dim/arcrole/domain-member" xlink:from="StatementOfChangesInEquityLineItems" xlink:to="IncreaseDecreaseThroughTransfersAndOtherChangesEquity" xlink:title="Definition: StatementOfChangesInEquityLineItems to IncreaseDecreaseThroughTransfersAndOtherChangesEquity" order="10.0"/><link:loc xlink:type="locator" xlink:href="http://xbrl.ifrs.org/taxonomy/2020-03-16/full_ifrs/full_ifrs-cor_2020-03-16.xsd#ifrs-full_IncreaseDecreaseThroughExerciseOfWarrantsEquity" xlink:label="IncreaseDecreaseThroughExerciseOfWarrantsEquity" xlink:title="IncreaseDecreaseThroughExerciseOfWarrantsEquity"/><link:definitionArc xlink:type="arc" xlink:arcrole="http://xbrl.org/int/dim/arcrole/domain-member" xlink:from="StatementOfChangesInEquityLineItems" xlink:to="IncreaseDecreaseThroughExerciseOfWarrantsEquity" xlink:title="Definition: StatementOfChangesInEquityLineItems to IncreaseDecreaseThroughExerciseOfWarrantsEquity" order="11.0"/></link:definitionLink><link:definitionLink xlink:type="extended" xlink:role="http://www.esma.europa.eu/xbrl/role/cor/esef_role-999999"><link:loc xlink:type="locator" xlink:href="http://www.esma.europa.eu/taxonomy/2020-03-16/esef_cor.xsd#esef_cor_LineItemsNotDimensionallyQualifiedPlaceholder" xlink:label="LineItemsNotDimensionallyQualifiedPlaceholder" xlink:title="LineItemsNotDimensionallyQualifiedPlaceholder"/><link:loc xlink:type="locator" xlink:href="http://xbrl.ifrs.org/taxonomy/2020-03-16/full_ifrs/full_ifrs-cor_2020-03-16.xsd#ifrs-full_Revenue" xlink:label="Revenue" xlink:title="Revenue"/><link:definitionArc xlink:type="arc" xlink:arcrole="http://xbrl.org/int/dim/arcrole/domain-member" xlink:from="LineItemsNotDimensionallyQualifiedPlaceholder" xlink:to="Revenue" xlink:title="Definition: LineItemsNotDimensionallyQualifiedPlaceholder to Revenue" order="1.0"/><link:loc xlink:type="locator" xlink:href="http://xbrl.ifrs.org/taxonomy/2020-03-16/full_ifrs/full_ifrs-cor_2020-03-16.xsd#ifrs-full_CostOfSales" xlink:label="CostOfSales" xlink:title="CostOfSales"/><link:definitionArc xlink:type="arc" xlink:arcrole="http://xbrl.org/int/dim/arcrole/domain-member" xlink:from="LineItemsNotDimensionallyQualifiedPlaceholder" xlink:to="CostOfSales" xlink:title="Definition: LineItemsNotDimensionallyQualifiedPlaceholder to CostOfSales" order="2.0"/><link:loc xlink:type="locator" xlink:href="http://xbrl.ifrs.org/taxonomy/2020-03-16/full_ifrs/full_ifrs-cor_2020-03-16.xsd#ifrs-full_GrossProfit" xlink:label="GrossProfit" xlink:title="GrossProfit"/><link:definitionArc xlink:type="arc" xlink:arcrole="http://xbrl.org/int/dim/arcrole/domain-member" xlink:from="LineItemsNotDimensionallyQualifiedPlaceholder" xlink:to="GrossProfit" xlink:title="Definition: LineItemsNotDimensionallyQualifiedPlaceholder to GrossProfit" order="3.0"/><link:loc xlink:type="locator" xlink:href="HLUNDBECK-2021-12-31.xsd#HLU_SellingExpenseAndDistributionCosts" xlink:label="SellingExpenseAndDistributionCosts" xlink:title="SellingExpenseAndDistributionCosts"/><link:definitionArc xlink:type="arc" xlink:arcrole="http://xbrl.org/int/dim/arcrole/domain-member" xlink:from="LineItemsNotDimensionallyQualifiedPlaceholder" xlink:to="SellingExpenseAndDistributionCosts" xlink:title="Definition: LineItemsNotDimensionallyQualifiedPlaceholder to SellingExpenseAndDistributionCosts" order="4.0"/><link:loc xlink:type="locator" xlink:href="http://xbrl.ifrs.org/taxonomy/2020-03-16/full_ifrs/full_ifrs-cor_2020-03-16.xsd#ifrs-full_AdministrativeExpense" xlink:label="AdministrativeExpense" xlink:title="AdministrativeExpense"/><link:definitionArc xlink:type="arc" xlink:arcrole="http://xbrl.org/int/dim/arcrole/domain-member" xlink:from="LineItemsNotDimensionallyQualifiedPlaceholder" xlink:to="AdministrativeExpense" xlink:title="Definition: LineItemsNotDimensionallyQualifiedPlaceholder to AdministrativeExpense" order="5.0"/><link:loc xlink:type="locator" xlink:href="http://xbrl.ifrs.org/taxonomy/2020-03-16/full_ifrs/full_ifrs-cor_2020-03-16.xsd#ifrs-full_ResearchAndDevelopmentExpense" xlink:label="ResearchAndDevelopmentExpense" xlink:title="ResearchAndDevelopmentExpense"/><link:definitionArc xlink:type="arc" xlink:arcrole="http://xbrl.org/int/dim/arcrole/domain-member" xlink:from="LineItemsNotDimensionallyQualifiedPlaceholder" xlink:to="ResearchAndDevelopmentExpense" xlink:title="Definition: LineItemsNotDimensionallyQualifiedPlaceholder to ResearchAndDevelopmentExpense" order="6.0"/><link:loc xlink:type="locator" xlink:href="http://xbrl.ifrs.org/taxonomy/2020-03-16/full_ifrs/full_ifrs-cor_2020-03-16.xsd#ifrs-full_OtherOperatingIncomeExpense" xlink:label="OtherOperatingIncomeExpense" xlink:title="OtherOperatingIncomeExpense"/><link:definitionArc xlink:type="arc" xlink:arcrole="http://xbrl.org/int/dim/arcrole/domain-member" xlink:from="LineItemsNotDimensionallyQualifiedPlaceholder" xlink:to="OtherOperatingIncomeExpense" xlink:title="Definition: LineItemsNotDimensionallyQualifiedPlaceholder to OtherOperatingIncomeExpense" order="7.0"/><link:loc xlink:type="locator" xlink:href="http://xbrl.ifrs.org/taxonomy/2020-03-16/full_ifrs/full_ifrs-cor_2020-03-16.xsd#ifrs-full_ProfitLossFromOperatingActivities" xlink:label="ProfitLossFromOperatingActivities" xlink:title="ProfitLossFromOperatingActivities"/><link:definitionArc xlink:type="arc" xlink:arcrole="http://xbrl.org/int/dim/arcrole/domain-member" xlink:from="LineItemsNotDimensionallyQualifiedPlaceholder" xlink:to="ProfitLossFromOperatingActivities" xlink:title="Definition: LineItemsNotDimensionallyQualifiedPlaceholder to ProfitLossFromOperatingActivities" order="8.0"/><link:loc xlink:type="locator" xlink:href="http://xbrl.ifrs.org/taxonomy/2020-03-16/full_ifrs/full_ifrs-cor_2020-03-16.xsd#ifrs-full_FinanceIncome" xlink:label="FinanceIncome" xlink:title="FinanceIncome"/><link:definitionArc xlink:type="arc" xlink:arcrole="http://xbrl.org/int/dim/arcrole/domain-member" xlink:from="LineItemsNotDimensionallyQualifiedPlaceholder" xlink:to="FinanceIncome" xlink:title="Definition: LineItemsNotDimensionallyQualifiedPlaceholder to FinanceIncome" order="9.0"/><link:loc xlink:type="locator" xlink:href="http://xbrl.ifrs.org/taxonomy/2020-03-16/full_ifrs/full_ifrs-cor_2020-03-16.xsd#ifrs-full_FinanceCosts" xlink:label="FinanceCosts" xlink:title="FinanceCosts"/><link:definitionArc xlink:type="arc" xlink:arcrole="http://xbrl.org/int/dim/arcrole/domain-member" xlink:from="LineItemsNotDimensionallyQualifiedPlaceholder" xlink:to="FinanceCosts" xlink:title="Definition: LineItemsNotDimensionallyQualifiedPlaceholder to FinanceCosts" order="10.0"/><link:loc xlink:type="locator" xlink:href="http://xbrl.ifrs.org/taxonomy/2020-03-16/full_ifrs/full_ifrs-cor_2020-03-16.xsd#ifrs-full_ProfitLossBeforeTax" xlink:label="ProfitLossBeforeTax" xlink:title="ProfitLossBeforeTax"/><link:definitionArc xlink:type="arc" xlink:arcrole="http://xbrl.org/int/dim/arcrole/domain-member" xlink:from="LineItemsNotDimensionallyQualifiedPlaceholder" xlink:to="ProfitLossBeforeTax" xlink:title="Definition: LineItemsNotDimensionallyQualifiedPlaceholder to ProfitLossBeforeTax" order="11.0"/><link:loc xlink:type="locator" xlink:href="http://xbrl.ifrs.org/taxonomy/2020-03-16/full_ifrs/full_ifrs-cor_2020-03-16.xsd#ifrs-full_IncomeTaxExpenseContinuingOperations" xlink:label="IncomeTaxExpenseContinuingOperations" xlink:title="IncomeTaxExpenseContinuingOperations"/><link:definitionArc xlink:type="arc" xlink:arcrole="http://xbrl.org/int/dim/arcrole/domain-member" xlink:from="LineItemsNotDimensionallyQualifiedPlaceholder" xlink:to="IncomeTaxExpenseContinuingOperations" xlink:title="Definition: LineItemsNotDimensionallyQualifiedPlaceholder to IncomeTaxExpenseContinuingOperations" order="12.0"/><link:loc xlink:type="locator" xlink:href="http://xbrl.ifrs.org/taxonomy/2020-03-16/full_ifrs/full_ifrs-cor_2020-03-16.xsd#ifrs-full_BasicEarningsLossPerShare" xlink:label="BasicEarningsLossPerShare" xlink:title="BasicEarningsLossPerShare"/><link:definitionArc xlink:type="arc" xlink:arcrole="http://xbrl.org/int/dim/arcrole/domain-member" xlink:from="LineItemsNotDimensionallyQualifiedPlaceholder" xlink:to="BasicEarningsLossPerShare" xlink:title="Definition: LineItemsNotDimensionallyQualifiedPlaceholder to BasicEarningsLossPerShare" order="13.0"/><link:loc xlink:type="locator" xlink:href="http://xbrl.ifrs.org/taxonomy/2020-03-16/full_ifrs/full_ifrs-cor_2020-03-16.xsd#ifrs-full_DilutedEarningsLossPerShare" xlink:label="DilutedEarningsLossPerShare" xlink:title="DilutedEarningsLossPerShare"/><link:definitionArc xlink:type="arc" xlink:arcrole="http://xbrl.org/int/dim/arcrole/domain-member" xlink:from="LineItemsNotDimensionallyQualifiedPlaceholder" xlink:to="DilutedEarningsLossPerShare" xlink:title="Definition: LineItemsNotDimensionallyQualifiedPlaceholder to DilutedEarningsLossPerShare" order="14.0"/><link:loc xlink:type="locator" xlink:href="http://xbrl.ifrs.org/taxonomy/2020-03-16/full_ifrs/full_ifrs-cor_2020-03-16.xsd#ifrs-full_OtherComprehensiveIncomeBeforeTaxGainsLossesOnRemeasurementsOfDefinedBenefitPlans" xlink:label="OtherComprehensiveIncomeBeforeTaxGainsLossesOnRemeasurementsOfDefinedBenefitPlans" xlink:title="OtherComprehensiveIncomeBeforeTaxGainsLossesOnRemeasurementsOfDefinedBenefitPlans"/><link:definitionArc xlink:type="arc" xlink:arcrole="http://xbrl.org/int/dim/arcrole/domain-member" xlink:from="LineItemsNotDimensionallyQualifiedPlaceholder" xlink:to="OtherComprehensiveIncomeBeforeTaxGainsLossesOnRemeasurementsOfDefinedBenefitPlans" xlink:title="Definition: LineItemsNotDimensionallyQualifiedPlaceholder to OtherComprehensiveIncomeBeforeTaxGainsLossesOnRemeasurementsOfDefinedBenefitPlans" order="15.0"/><link:loc xlink:type="locator" xlink:href="http://xbrl.ifrs.org/taxonomy/2020-03-16/full_ifrs/full_ifrs-cor_2020-03-16.xsd#ifrs-full_IncomeTaxRelatingToComponentsOfOtherComprehensiveIncomeThatWillNotBeReclassifiedToProfitOrLoss" xlink:label="IncomeTaxRelatingToComponentsOfOtherComprehensiveIncomeThatWillNotBeReclassifiedToProfitOrLoss" xlink:title="IncomeTaxRelatingToComponentsOfOtherComprehensiveIncomeThatWillNotBeReclassifiedToProfitOrLoss"/><link:definitionArc xlink:type="arc" xlink:arcrole="http://xbrl.org/int/dim/arcrole/domain-member" xlink:from="LineItemsNotDimensionallyQualifiedPlaceholder" xlink:to="IncomeTaxRelatingToComponentsOfOtherComprehensiveIncomeThatWillNotBeReclassifiedToProfitOrLoss" xlink:title="Definition: LineItemsNotDimensionallyQualifiedPlaceholder to IncomeTaxRelatingToComponentsOfOtherComprehensiveIncomeThatWillNotBeReclassifiedToProfitOrLoss" order="16.0"/><link:loc xlink:type="locator" xlink:href="http://xbrl.ifrs.org/taxonomy/2020-03-16/full_ifrs/full_ifrs-cor_2020-03-16.xsd#ifrs-full_OtherComprehensiveIncomeThatWillNotBeReclassifiedToProfitOrLossNetOfTax" xlink:label="OtherComprehensiveIncomeThatWillNotBeReclassifiedToProfitOrLossNetOfTax" xlink:title="OtherComprehensiveIncomeThatWillNotBeReclassifiedToProfitOrLossNetOfTax"/><link:definitionArc xlink:type="arc" xlink:arcrole="http://xbrl.org/int/dim/arcrole/domain-member" xlink:from="LineItemsNotDimensionallyQualifiedPlaceholder" xlink:to="OtherComprehensiveIncomeThatWillNotBeReclassifiedToProfitOrLossNetOfTax" xlink:title="Definition: LineItemsNotDimensionallyQualifiedPlaceholder to OtherComprehensiveIncomeThatWillNotBeReclassifiedToProfitOrLossNetOfTax" order="17.0"/><link:loc xlink:type="locator" xlink:href="HLUNDBECK-2021-12-31.xsd#HLU_GainsLossesOnExchangeDifferencesOnTranslationOfForeignOperationsBeforeTax" xlink:label="GainsLossesOnExchangeDifferencesOnTranslationOfForeignOperationsBeforeTax" xlink:title="GainsLossesOnExchangeDifferencesOnTranslationOfForeignOperationsBeforeTax"/><link:definitionArc xlink:type="arc" xlink:arcrole="http://xbrl.org/int/dim/arcrole/domain-member" xlink:from="LineItemsNotDimensionallyQualifiedPlaceholder" xlink:to="GainsLossesOnExchangeDifferencesOnTranslationOfForeignOperationsBeforeTax" xlink:title="Definition: LineItemsNotDimensionallyQualifiedPlaceholder to GainsLossesOnExchangeDifferencesOnTranslationOfForeignOperationsBeforeTax" order="18.0"/><link:loc xlink:type="locator" xlink:href="HLUNDBECK-2021-12-31.xsd#HLU_GainsLossesOnExchangeDifferencesOnAdditionsToNetInvestmentsInForeignOperationsBeforeTax" xlink:label="GainsLossesOnExchangeDifferencesOnAdditionsToNetInvestmentsInForeignOperationsBeforeTax" xlink:title="GainsLossesOnExchangeDifferencesOnAdditionsToNetInvestmentsInForeignOperationsBeforeTax"/><link:definitionArc xlink:type="arc" xlink:arcrole="http://xbrl.org/int/dim/arcrole/domain-member" xlink:from="LineItemsNotDimensionallyQualifiedPlaceholder" xlink:to="GainsLossesOnExchangeDifferencesOnAdditionsToNetInvestmentsInForeignOperationsBeforeTax" xlink:title="Definition: LineItemsNotDimensionallyQualifiedPlaceholder to GainsLossesOnExchangeDifferencesOnAdditionsToNetInvestmentsInForeignOperationsBeforeTax" order="19.0"/><link:loc xlink:type="locator" xlink:href="http://xbrl.ifrs.org/taxonomy/2020-03-16/full_ifrs/full_ifrs-cor_2020-03-16.xsd#ifrs-full_GainsLossesOnHedgesOfNetInvestmentsInForeignOperationsBeforeTax" xlink:label="GainsLossesOnHedgesOfNetInvestmentsInForeignOperationsBeforeTax" xlink:title="GainsLossesOnHedgesOfNetInvestmentsInForeignOperationsBeforeTax"/><link:definitionArc xlink:type="arc" xlink:arcrole="http://xbrl.org/int/dim/arcrole/domain-member" xlink:from="LineItemsNotDimensionallyQualifiedPlaceholder" xlink:to="GainsLossesOnHedgesOfNetInvestmentsInForeignOperationsBeforeTax" xlink:title="Definition: LineItemsNotDimensionallyQualifiedPlaceholder to GainsLossesOnHedgesOfNetInvestmentsInForeignOperationsBeforeTax" order="20.0"/><link:loc xlink:type="locator" xlink:href="HLUNDBECK-2021-12-31.xsd#HLU_GainsLossesOnCashFlowHedgesBeforeTaxExchangeRate" xlink:label="GainsLossesOnCashFlowHedgesBeforeTaxExchangeRate" xlink:title="GainsLossesOnCashFlowHedgesBeforeTaxExchangeRate"/><link:definitionArc xlink:type="arc" xlink:arcrole="http://xbrl.org/int/dim/arcrole/domain-member" xlink:from="LineItemsNotDimensionallyQualifiedPlaceholder" xlink:to="GainsLossesOnCashFlowHedgesBeforeTaxExchangeRate" xlink:title="Definition: LineItemsNotDimensionallyQualifiedPlaceholder to GainsLossesOnCashFlowHedgesBeforeTaxExchangeRate" order="21.0"/><link:loc xlink:type="locator" xlink:href="HLUNDBECK-2021-12-31.xsd#HLU_GainsLossesOnCashFlowHedgesBeforeTaxInterestRate" xlink:label="GainsLossesOnCashFlowHedgesBeforeTaxInterestRate" xlink:title="GainsLossesOnCashFlowHedgesBeforeTaxInterestRate"/><link:definitionArc xlink:type="arc" xlink:arcrole="http://xbrl.org/int/dim/arcrole/domain-member" xlink:from="LineItemsNotDimensionallyQualifiedPlaceholder" xlink:to="GainsLossesOnCashFlowHedgesBeforeTaxInterestRate" xlink:title="Definition: LineItemsNotDimensionallyQualifiedPlaceholder to GainsLossesOnCashFlowHedgesBeforeTaxInterestRate" order="22.0"/><link:loc xlink:type="locator" xlink:href="HLUNDBECK-2021-12-31.xsd#HLU_ReclassificationAdjustmentsOnCashFlowHedgesBeforeTaxRevenue" xlink:label="ReclassificationAdjustmentsOnCashFlowHedgesBeforeTaxRevenue" xlink:title="ReclassificationAdjustmentsOnCashFlowHedgesBeforeTaxRevenue"/><link:definitionArc xlink:type="arc" xlink:arcrole="http://xbrl.org/int/dim/arcrole/domain-member" xlink:from="LineItemsNotDimensionallyQualifiedPlaceholder" xlink:to="ReclassificationAdjustmentsOnCashFlowHedgesBeforeTaxRevenue" xlink:title="Definition: LineItemsNotDimensionallyQualifiedPlaceholder to ReclassificationAdjustmentsOnCashFlowHedgesBeforeTaxRevenue" order="23.0"/><link:loc xlink:type="locator" xlink:href="http://xbrl.ifrs.org/taxonomy/2020-03-16/full_ifrs/full_ifrs-cor_2020-03-16.xsd#ifrs-full_IncomeTaxRelatingToComponentsOfOtherComprehensiveIncomeThatWillBeReclassifiedToProfitOrLoss" xlink:label="IncomeTaxRelatingToComponentsOfOtherComprehensiveIncomeThatWillBeReclassifiedToProfitOrLoss" xlink:title="IncomeTaxRelatingToComponentsOfOtherComprehensiveIncomeThatWillBeReclassifiedToProfitOrLoss"/><link:definitionArc xlink:type="arc" xlink:arcrole="http://xbrl.org/int/dim/arcrole/domain-member" xlink:from="LineItemsNotDimensionallyQualifiedPlaceholder" xlink:to="IncomeTaxRelatingToComponentsOfOtherComprehensiveIncomeThatWillBeReclassifiedToProfitOrLoss" xlink:title="Definition: LineItemsNotDimensionallyQualifiedPlaceholder to IncomeTaxRelatingToComponentsOfOtherComprehensiveIncomeThatWillBeReclassifiedToProfitOrLoss" order="24.0"/><link:loc xlink:type="locator" xlink:href="http://xbrl.ifrs.org/taxonomy/2020-03-16/full_ifrs/full_ifrs-cor_2020-03-16.xsd#ifrs-full_OtherComprehensiveIncomeThatWillBeReclassifiedToProfitOrLossNetOfTax" xlink:label="OtherComprehensiveIncomeThatWillBeReclassifiedToProfitOrLossNetOfTax" xlink:title="OtherComprehensiveIncomeThatWillBeReclassifiedToProfitOrLossNetOfTax"/><link:definitionArc xlink:type="arc" xlink:arcrole="http://xbrl.org/int/dim/arcrole/domain-member" xlink:from="LineItemsNotDimensionallyQualifiedPlaceholder" xlink:to="OtherComprehensiveIncomeThatWillBeReclassifiedToProfitOrLossNetOfTax" xlink:title="Definition: LineItemsNotDimensionallyQualifiedPlaceholder to OtherComprehensiveIncomeThatWillBeReclassifiedToProfitOrLossNetOfTax" order="25.0"/><link:loc xlink:type="locator" xlink:href="http://xbrl.ifrs.org/taxonomy/2020-03-16/full_ifrs/full_ifrs-cor_2020-03-16.xsd#ifrs-full_Goodwill" xlink:label="Goodwill" xlink:title="Goodwill"/><link:definitionArc xlink:type="arc" xlink:arcrole="http://xbrl.org/int/dim/arcrole/domain-member" xlink:from="LineItemsNotDimensionallyQualifiedPlaceholder" xlink:to="Goodwill" xlink:title="Definition: LineItemsNotDimensionallyQualifiedPlaceholder to Goodwill" order="26.0"/><link:loc xlink:type="locator" xlink:href="HLUNDBECK-2021-12-31.xsd#HLU_ProductRights" xlink:label="ProductRights" xlink:title="ProductRights"/><link:definitionArc xlink:type="arc" xlink:arcrole="http://xbrl.org/int/dim/arcrole/domain-member" xlink:from="LineItemsNotDimensionallyQualifiedPlaceholder" xlink:to="ProductRights" xlink:title="Definition: LineItemsNotDimensionallyQualifiedPlaceholder to ProductRights" order="27.0"/><link:loc xlink:type="locator" xlink:href="HLUNDBECK-2021-12-31.xsd#HLU_OtherRights" xlink:label="OtherRights" xlink:title="OtherRights"/><link:definitionArc xlink:type="arc" xlink:arcrole="http://xbrl.org/int/dim/arcrole/domain-member" xlink:from="LineItemsNotDimensionallyQualifiedPlaceholder" xlink:to="OtherRights" xlink:title="Definition: LineItemsNotDimensionallyQualifiedPlaceholder to OtherRights" order="28.0"/><link:loc xlink:type="locator" xlink:href="http://xbrl.ifrs.org/taxonomy/2020-03-16/full_ifrs/full_ifrs-cor_2020-03-16.xsd#ifrs-full_IntangibleAssetsUnderDevelopment" xlink:label="IntangibleAssetsUnderDevelopment" xlink:title="IntangibleAssetsUnderDevelopment"/><link:definitionArc xlink:type="arc" xlink:arcrole="http://xbrl.org/int/dim/arcrole/domain-member" xlink:from="LineItemsNotDimensionallyQualifiedPlaceholder" xlink:to="IntangibleAssetsUnderDevelopment" xlink:title="Definition: LineItemsNotDimensionallyQualifiedPlaceholder to IntangibleAssetsUnderDevelopment" order="29.0"/><link:loc xlink:type="locator" xlink:href="http://xbrl.ifrs.org/taxonomy/2020-03-16/full_ifrs/full_ifrs-cor_2020-03-16.xsd#ifrs-full_IntangibleAssetsAndGoodwill" xlink:label="IntangibleAssetsAndGoodwill" xlink:title="IntangibleAssetsAndGoodwill"/><link:definitionArc xlink:type="arc" xlink:arcrole="http://xbrl.org/int/dim/arcrole/domain-member" xlink:from="LineItemsNotDimensionallyQualifiedPlaceholder" xlink:to="IntangibleAssetsAndGoodwill" xlink:title="Definition: LineItemsNotDimensionallyQualifiedPlaceholder to IntangibleAssetsAndGoodwill" order="30.0"/><link:loc xlink:type="locator" xlink:href="http://xbrl.ifrs.org/taxonomy/2020-03-16/full_ifrs/full_ifrs-cor_2020-03-16.xsd#ifrs-full_LandAndBuildings" xlink:label="LandAndBuildings" xlink:title="LandAndBuildings"/><link:definitionArc xlink:type="arc" xlink:arcrole="http://xbrl.org/int/dim/arcrole/domain-member" xlink:from="LineItemsNotDimensionallyQualifiedPlaceholder" xlink:to="LandAndBuildings" xlink:title="Definition: LineItemsNotDimensionallyQualifiedPlaceholder to LandAndBuildings" order="31.0"/><link:loc xlink:type="locator" xlink:href="HLUNDBECK-2021-12-31.xsd#HLU_PlantAndMachinery" xlink:label="PlantAndMachinery" xlink:title="PlantAndMachinery"/><link:definitionArc xlink:type="arc" xlink:arcrole="http://xbrl.org/int/dim/arcrole/domain-member" xlink:from="LineItemsNotDimensionallyQualifiedPlaceholder" xlink:to="PlantAndMachinery" xlink:title="Definition: LineItemsNotDimensionallyQualifiedPlaceholder to PlantAndMachinery" order="32.0"/><link:loc xlink:type="locator" xlink:href="http://xbrl.ifrs.org/taxonomy/2020-03-16/full_ifrs/full_ifrs-cor_2020-03-16.xsd#ifrs-full_FixturesAndFittings" xlink:label="FixturesAndFittings" xlink:title="FixturesAndFittings"/><link:definitionArc xlink:type="arc" xlink:arcrole="http://xbrl.org/int/dim/arcrole/domain-member" xlink:from="LineItemsNotDimensionallyQualifiedPlaceholder" xlink:to="FixturesAndFittings" xlink:title="Definition: LineItemsNotDimensionallyQualifiedPlaceholder to FixturesAndFittings" order="33.0"/><link:loc xlink:type="locator" xlink:href="HLUNDBECK-2021-12-31.xsd#HLU_ConstructionInProgressAndPrepaymentsForConstructionInProgress" xlink:label="ConstructionInProgressAndPrepaymentsForConstructionInProgress" xlink:title="ConstructionInProgressAndPrepaymentsForConstructionInProgress"/><link:definitionArc xlink:type="arc" xlink:arcrole="http://xbrl.org/int/dim/arcrole/domain-member" xlink:from="LineItemsNotDimensionallyQualifiedPlaceholder" xlink:to="ConstructionInProgressAndPrepaymentsForConstructionInProgress" xlink:title="Definition: LineItemsNotDimensionallyQualifiedPlaceholder to ConstructionInProgressAndPrepaymentsForConstructionInProgress" order="34.0"/><link:loc xlink:type="locator" xlink:href="http://xbrl.ifrs.org/taxonomy/2020-03-16/full_ifrs/full_ifrs-cor_2020-03-16.xsd#ifrs-full_RightofuseAssets" xlink:label="RightofuseAssets" xlink:title="RightofuseAssets"/><link:definitionArc xlink:type="arc" xlink:arcrole="http://xbrl.org/int/dim/arcrole/domain-member" xlink:from="LineItemsNotDimensionallyQualifiedPlaceholder" xlink:to="RightofuseAssets" xlink:title="Definition: LineItemsNotDimensionallyQualifiedPlaceholder to RightofuseAssets" order="35.0"/><link:loc xlink:type="locator" xlink:href="http://xbrl.ifrs.org/taxonomy/2020-03-16/full_ifrs/full_ifrs-cor_2020-03-16.xsd#ifrs-full_PropertyPlantAndEquipment" xlink:label="PropertyPlantAndEquipment" xlink:title="PropertyPlantAndEquipment"/><link:definitionArc xlink:type="arc" xlink:arcrole="http://xbrl.org/int/dim/arcrole/domain-member" xlink:from="LineItemsNotDimensionallyQualifiedPlaceholder" xlink:to="PropertyPlantAndEquipment" xlink:title="Definition: LineItemsNotDimensionallyQualifiedPlaceholder to PropertyPlantAndEquipment" order="36.0"/><link:loc xlink:type="locator" xlink:href="http://xbrl.ifrs.org/taxonomy/2020-03-16/full_ifrs/full_ifrs-cor_2020-03-16.xsd#ifrs-full_OtherNoncurrentFinancialAssets" xlink:label="OtherNoncurrentFinancialAssets" xlink:title="OtherNoncurrentFinancialAssets"/><link:definitionArc xlink:type="arc" xlink:arcrole="http://xbrl.org/int/dim/arcrole/domain-member" xlink:from="LineItemsNotDimensionallyQualifiedPlaceholder" xlink:to="OtherNoncurrentFinancialAssets" xlink:title="Definition: LineItemsNotDimensionallyQualifiedPlaceholder to OtherNoncurrentFinancialAssets" order="37.0"/><link:loc xlink:type="locator" xlink:href="http://xbrl.ifrs.org/taxonomy/2020-03-16/full_ifrs/full_ifrs-cor_2020-03-16.xsd#ifrs-full_OtherNoncurrentReceivables" xlink:label="OtherNoncurrentReceivables" xlink:title="OtherNoncurrentReceivables"/><link:definitionArc xlink:type="arc" xlink:arcrole="http://xbrl.org/int/dim/arcrole/domain-member" xlink:from="LineItemsNotDimensionallyQualifiedPlaceholder" xlink:to="OtherNoncurrentReceivables" xlink:title="Definition: LineItemsNotDimensionallyQualifiedPlaceholder to OtherNoncurrentReceivables" order="38.0"/><link:loc xlink:type="locator" xlink:href="http://xbrl.ifrs.org/taxonomy/2020-03-16/full_ifrs/full_ifrs-cor_2020-03-16.xsd#ifrs-full_DeferredTaxAssets" xlink:label="DeferredTaxAssets" xlink:title="DeferredTaxAssets"/><link:definitionArc xlink:type="arc" xlink:arcrole="http://xbrl.org/int/dim/arcrole/domain-member" xlink:from="LineItemsNotDimensionallyQualifiedPlaceholder" xlink:to="DeferredTaxAssets" xlink:title="Definition: LineItemsNotDimensionallyQualifiedPlaceholder to DeferredTaxAssets" order="39.0"/><link:loc xlink:type="locator" xlink:href="http://xbrl.ifrs.org/taxonomy/2020-03-16/full_ifrs/full_ifrs-cor_2020-03-16.xsd#ifrs-full_NoncurrentFinancialAssets" xlink:label="NoncurrentFinancialAssets" xlink:title="NoncurrentFinancialAssets"/><link:definitionArc xlink:type="arc" xlink:arcrole="http://xbrl.org/int/dim/arcrole/domain-member" xlink:from="LineItemsNotDimensionallyQualifiedPlaceholder" xlink:to="NoncurrentFinancialAssets" xlink:title="Definition: LineItemsNotDimensionallyQualifiedPlaceholder to NoncurrentFinancialAssets" order="40.0"/><link:loc xlink:type="locator" xlink:href="http://xbrl.ifrs.org/taxonomy/2020-03-16/full_ifrs/full_ifrs-cor_2020-03-16.xsd#ifrs-full_NoncurrentAssets" xlink:label="NoncurrentAssets" xlink:title="NoncurrentAssets"/><link:definitionArc xlink:type="arc" xlink:arcrole="http://xbrl.org/int/dim/arcrole/domain-member" xlink:from="LineItemsNotDimensionallyQualifiedPlaceholder" xlink:to="NoncurrentAssets" xlink:title="Definition: LineItemsNotDimensionallyQualifiedPlaceholder to NoncurrentAssets" order="41.0"/><link:loc xlink:type="locator" xlink:href="http://xbrl.ifrs.org/taxonomy/2020-03-16/full_ifrs/full_ifrs-cor_2020-03-16.xsd#ifrs-full_Inventories" xlink:label="Inventories" xlink:title="Inventories"/><link:definitionArc xlink:type="arc" xlink:arcrole="http://xbrl.org/int/dim/arcrole/domain-member" xlink:from="LineItemsNotDimensionallyQualifiedPlaceholder" xlink:to="Inventories" xlink:title="Definition: LineItemsNotDimensionallyQualifiedPlaceholder to Inventories" order="42.0"/><link:loc xlink:type="locator" xlink:href="http://xbrl.ifrs.org/taxonomy/2020-03-16/full_ifrs/full_ifrs-cor_2020-03-16.xsd#ifrs-full_CurrentTradeReceivables" xlink:label="CurrentTradeReceivables" xlink:title="CurrentTradeReceivables"/><link:definitionArc xlink:type="arc" xlink:arcrole="http://xbrl.org/int/dim/arcrole/domain-member" xlink:from="LineItemsNotDimensionallyQualifiedPlaceholder" xlink:to="CurrentTradeReceivables" xlink:title="Definition: LineItemsNotDimensionallyQualifiedPlaceholder to CurrentTradeReceivables" order="43.0"/><link:loc xlink:type="locator" xlink:href="http://xbrl.ifrs.org/taxonomy/2020-03-16/full_ifrs/full_ifrs-cor_2020-03-16.xsd#ifrs-full_CurrentTaxAssetsCurrent" xlink:label="CurrentTaxAssetsCurrent" xlink:title="CurrentTaxAssetsCurrent"/><link:definitionArc xlink:type="arc" xlink:arcrole="http://xbrl.org/int/dim/arcrole/domain-member" xlink:from="LineItemsNotDimensionallyQualifiedPlaceholder" xlink:to="CurrentTaxAssetsCurrent" xlink:title="Definition: LineItemsNotDimensionallyQualifiedPlaceholder to CurrentTaxAssetsCurrent" order="44.0"/><link:loc xlink:type="locator" xlink:href="http://xbrl.ifrs.org/taxonomy/2020-03-16/full_ifrs/full_ifrs-cor_2020-03-16.xsd#ifrs-full_OtherCurrentReceivables" xlink:label="OtherCurrentReceivables" xlink:title="OtherCurrentReceivables"/><link:definitionArc xlink:type="arc" xlink:arcrole="http://xbrl.org/int/dim/arcrole/domain-member" xlink:from="LineItemsNotDimensionallyQualifiedPlaceholder" xlink:to="OtherCurrentReceivables" xlink:title="Definition: LineItemsNotDimensionallyQualifiedPlaceholder to OtherCurrentReceivables" order="45.0"/><link:loc xlink:type="locator" xlink:href="http://xbrl.ifrs.org/taxonomy/2020-03-16/full_ifrs/full_ifrs-cor_2020-03-16.xsd#ifrs-full_CurrentPrepayments" xlink:label="CurrentPrepayments" xlink:title="CurrentPrepayments"/><link:definitionArc xlink:type="arc" xlink:arcrole="http://xbrl.org/int/dim/arcrole/domain-member" xlink:from="LineItemsNotDimensionallyQualifiedPlaceholder" xlink:to="CurrentPrepayments" xlink:title="Definition: LineItemsNotDimensionallyQualifiedPlaceholder to CurrentPrepayments" order="46.0"/><link:loc xlink:type="locator" xlink:href="http://xbrl.ifrs.org/taxonomy/2020-03-16/full_ifrs/full_ifrs-cor_2020-03-16.xsd#ifrs-full_TradeAndOtherCurrentReceivables" xlink:label="TradeAndOtherCurrentReceivables" xlink:title="TradeAndOtherCurrentReceivables"/><link:definitionArc xlink:type="arc" xlink:arcrole="http://xbrl.org/int/dim/arcrole/domain-member" xlink:from="LineItemsNotDimensionallyQualifiedPlaceholder" xlink:to="TradeAndOtherCurrentReceivables" xlink:title="Definition: LineItemsNotDimensionallyQualifiedPlaceholder to TradeAndOtherCurrentReceivables" order="47.0"/><link:loc xlink:type="locator" xlink:href="http://xbrl.ifrs.org/taxonomy/2020-03-16/full_ifrs/full_ifrs-cor_2020-03-16.xsd#ifrs-full_CashAndCashEquivalents" xlink:label="CashAndCashEquivalents" xlink:title="CashAndCashEquivalents"/><link:definitionArc xlink:type="arc" xlink:arcrole="http://xbrl.org/int/dim/arcrole/domain-member" xlink:from="LineItemsNotDimensionallyQualifiedPlaceholder" xlink:to="CashAndCashEquivalents" xlink:title="Definition: LineItemsNotDimensionallyQualifiedPlaceholder to CashAndCashEquivalents" order="48.0"/><link:loc xlink:type="locator" xlink:href="http://xbrl.ifrs.org/taxonomy/2020-03-16/full_ifrs/full_ifrs-cor_2020-03-16.xsd#ifrs-full_CurrentAssets" xlink:label="CurrentAssets" xlink:title="CurrentAssets"/><link:definitionArc xlink:type="arc" xlink:arcrole="http://xbrl.org/int/dim/arcrole/domain-member" xlink:from="LineItemsNotDimensionallyQualifiedPlaceholder" xlink:to="CurrentAssets" xlink:title="Definition: LineItemsNotDimensionallyQualifiedPlaceholder to CurrentAssets" order="49.0"/><link:loc xlink:type="locator" xlink:href="http://xbrl.ifrs.org/taxonomy/2020-03-16/full_ifrs/full_ifrs-cor_2020-03-16.xsd#ifrs-full_Assets" xlink:label="Assets" xlink:title="Assets"/><link:definitionArc xlink:type="arc" xlink:arcrole="http://xbrl.org/int/dim/arcrole/domain-member" xlink:from="LineItemsNotDimensionallyQualifiedPlaceholder" xlink:to="Assets" xlink:title="Definition: LineItemsNotDimensionallyQualifiedPlaceholder to Assets" order="50.0"/><link:loc xlink:type="locator" xlink:href="http://xbrl.ifrs.org/taxonomy/2020-03-16/full_ifrs/full_ifrs-cor_2020-03-16.xsd#ifrs-full_IssuedCapital" xlink:label="IssuedCapital" xlink:title="IssuedCapital"/><link:definitionArc xlink:type="arc" xlink:arcrole="http://xbrl.org/int/dim/arcrole/domain-member" xlink:from="LineItemsNotDimensionallyQualifiedPlaceholder" xlink:to="IssuedCapital" xlink:title="Definition: LineItemsNotDimensionallyQualifiedPlaceholder to IssuedCapital" order="51.0"/><link:loc xlink:type="locator" xlink:href="http://xbrl.ifrs.org/taxonomy/2020-03-16/full_ifrs/full_ifrs-cor_2020-03-16.xsd#ifrs-full_ReserveOfExchangeDifferencesOnTranslation" xlink:label="ReserveOfExchangeDifferencesOnTranslation" xlink:title="ReserveOfExchangeDifferencesOnTranslation"/><link:definitionArc xlink:type="arc" xlink:arcrole="http://xbrl.org/int/dim/arcrole/domain-member" xlink:from="LineItemsNotDimensionallyQualifiedPlaceholder" xlink:to="ReserveOfExchangeDifferencesOnTranslation" xlink:title="Definition: LineItemsNotDimensionallyQualifiedPlaceholder to ReserveOfExchangeDifferencesOnTranslation" order="52.0"/><link:loc xlink:type="locator" xlink:href="http://xbrl.ifrs.org/taxonomy/2020-03-16/full_ifrs/full_ifrs-cor_2020-03-16.xsd#ifrs-full_ReserveOfCashFlowHedges" xlink:label="ReserveOfCashFlowHedges" xlink:title="ReserveOfCashFlowHedges"/><link:definitionArc xlink:type="arc" xlink:arcrole="http://xbrl.org/int/dim/arcrole/domain-member" xlink:from="LineItemsNotDimensionallyQualifiedPlaceholder" xlink:to="ReserveOfCashFlowHedges" xlink:title="Definition: LineItemsNotDimensionallyQualifiedPlaceholder to ReserveOfCashFlowHedges" order="53.0"/><link:loc xlink:type="locator" xlink:href="http://xbrl.ifrs.org/taxonomy/2020-03-16/full_ifrs/full_ifrs-cor_2020-03-16.xsd#ifrs-full_RetainedEarnings" xlink:label="RetainedEarnings" xlink:title="RetainedEarnings"/><link:definitionArc xlink:type="arc" xlink:arcrole="http://xbrl.org/int/dim/arcrole/domain-member" xlink:from="LineItemsNotDimensionallyQualifiedPlaceholder" xlink:to="RetainedEarnings" xlink:title="Definition: LineItemsNotDimensionallyQualifiedPlaceholder to RetainedEarnings" order="54.0"/><link:loc xlink:type="locator" xlink:href="http://xbrl.ifrs.org/taxonomy/2020-03-16/full_ifrs/full_ifrs-cor_2020-03-16.xsd#ifrs-full_NoncurrentRecognisedLiabilitiesDefinedBenefitPlan" xlink:label="NoncurrentRecognisedLiabilitiesDefinedBenefitPlan" xlink:title="NoncurrentRecognisedLiabilitiesDefinedBenefitPlan"/><link:definitionArc xlink:type="arc" xlink:arcrole="http://xbrl.org/int/dim/arcrole/domain-member" xlink:from="LineItemsNotDimensionallyQualifiedPlaceholder" xlink:to="NoncurrentRecognisedLiabilitiesDefinedBenefitPlan" xlink:title="Definition: LineItemsNotDimensionallyQualifiedPlaceholder to NoncurrentRecognisedLiabilitiesDefinedBenefitPlan" order="55.0"/><link:loc xlink:type="locator" xlink:href="http://xbrl.ifrs.org/taxonomy/2020-03-16/full_ifrs/full_ifrs-cor_2020-03-16.xsd#ifrs-full_DeferredTaxLiabilities" xlink:label="DeferredTaxLiabilities" xlink:title="DeferredTaxLiabilities"/><link:definitionArc xlink:type="arc" xlink:arcrole="http://xbrl.org/int/dim/arcrole/domain-member" xlink:from="LineItemsNotDimensionallyQualifiedPlaceholder" xlink:to="DeferredTaxLiabilities" xlink:title="Definition: LineItemsNotDimensionallyQualifiedPlaceholder to DeferredTaxLiabilities" order="56.0"/><link:loc xlink:type="locator" xlink:href="http://xbrl.ifrs.org/taxonomy/2020-03-16/full_ifrs/full_ifrs-cor_2020-03-16.xsd#ifrs-full_NoncurrentProvisions" xlink:label="NoncurrentProvisions" xlink:title="NoncurrentProvisions"/><link:definitionArc xlink:type="arc" xlink:arcrole="http://xbrl.org/int/dim/arcrole/domain-member" xlink:from="LineItemsNotDimensionallyQualifiedPlaceholder" xlink:to="NoncurrentProvisions" xlink:title="Definition: LineItemsNotDimensionallyQualifiedPlaceholder to NoncurrentProvisions" order="57.0"/><link:loc xlink:type="locator" xlink:href="http://xbrl.ifrs.org/taxonomy/2020-03-16/full_ifrs/full_ifrs-cor_2020-03-16.xsd#ifrs-full_LongtermBorrowings" xlink:label="LongtermBorrowings" xlink:title="LongtermBorrowings"/><link:definitionArc xlink:type="arc" xlink:arcrole="http://xbrl.org/int/dim/arcrole/domain-member" xlink:from="LineItemsNotDimensionallyQualifiedPlaceholder" xlink:to="LongtermBorrowings" xlink:title="Definition: LineItemsNotDimensionallyQualifiedPlaceholder to LongtermBorrowings" order="58.0"/><link:loc xlink:type="locator" xlink:href="http://xbrl.ifrs.org/taxonomy/2020-03-16/full_ifrs/full_ifrs-cor_2020-03-16.xsd#ifrs-full_NoncurrentLeaseLiabilities" xlink:label="NoncurrentLeaseLiabilities" xlink:title="NoncurrentLeaseLiabilities"/><link:definitionArc xlink:type="arc" xlink:arcrole="http://xbrl.org/int/dim/arcrole/domain-member" xlink:from="LineItemsNotDimensionallyQualifiedPlaceholder" xlink:to="NoncurrentLeaseLiabilities" xlink:title="Definition: LineItemsNotDimensionallyQualifiedPlaceholder to NoncurrentLeaseLiabilities" order="59.0"/><link:loc xlink:type="locator" xlink:href="http://xbrl.ifrs.org/taxonomy/2020-03-16/full_ifrs/full_ifrs-cor_2020-03-16.xsd#ifrs-full_OtherNoncurrentPayables" xlink:label="OtherNoncurrentPayables" xlink:title="OtherNoncurrentPayables"/><link:definitionArc xlink:type="arc" xlink:arcrole="http://xbrl.org/int/dim/arcrole/domain-member" xlink:from="LineItemsNotDimensionallyQualifiedPlaceholder" xlink:to="OtherNoncurrentPayables" xlink:title="Definition: LineItemsNotDimensionallyQualifiedPlaceholder to OtherNoncurrentPayables" order="60.0"/><link:loc xlink:type="locator" xlink:href="http://xbrl.ifrs.org/taxonomy/2020-03-16/full_ifrs/full_ifrs-cor_2020-03-16.xsd#ifrs-full_NoncurrentLiabilities" xlink:label="NoncurrentLiabilities" xlink:title="NoncurrentLiabilities"/><link:definitionArc xlink:type="arc" xlink:arcrole="http://xbrl.org/int/dim/arcrole/domain-member" xlink:from="LineItemsNotDimensionallyQualifiedPlaceholder" xlink:to="NoncurrentLiabilities" xlink:title="Definition: LineItemsNotDimensionallyQualifiedPlaceholder to NoncurrentLiabilities" order="61.0"/><link:loc xlink:type="locator" xlink:href="http://xbrl.ifrs.org/taxonomy/2020-03-16/full_ifrs/full_ifrs-cor_2020-03-16.xsd#ifrs-full_CurrentRecognisedLiabilitiesDefinedBenefitPlan" xlink:label="CurrentRecognisedLiabilitiesDefinedBenefitPlan" xlink:title="CurrentRecognisedLiabilitiesDefinedBenefitPlan"/><link:definitionArc xlink:type="arc" xlink:arcrole="http://xbrl.org/int/dim/arcrole/domain-member" xlink:from="LineItemsNotDimensionallyQualifiedPlaceholder" xlink:to="CurrentRecognisedLiabilitiesDefinedBenefitPlan" xlink:title="Definition: LineItemsNotDimensionallyQualifiedPlaceholder to CurrentRecognisedLiabilitiesDefinedBenefitPlan" order="62.0"/><link:loc xlink:type="locator" xlink:href="http://xbrl.ifrs.org/taxonomy/2020-03-16/full_ifrs/full_ifrs-cor_2020-03-16.xsd#ifrs-full_CurrentProvisions" xlink:label="CurrentProvisions" xlink:title="CurrentProvisions"/><link:definitionArc xlink:type="arc" xlink:arcrole="http://xbrl.org/int/dim/arcrole/domain-member" xlink:from="LineItemsNotDimensionallyQualifiedPlaceholder" xlink:to="CurrentProvisions" xlink:title="Definition: LineItemsNotDimensionallyQualifiedPlaceholder to CurrentProvisions" order="63.0"/><link:loc xlink:type="locator" xlink:href="http://xbrl.ifrs.org/taxonomy/2020-03-16/full_ifrs/full_ifrs-cor_2020-03-16.xsd#ifrs-full_ShorttermBorrowings" xlink:label="ShorttermBorrowings" xlink:title="ShorttermBorrowings"/><link:definitionArc xlink:type="arc" xlink:arcrole="http://xbrl.org/int/dim/arcrole/domain-member" xlink:from="LineItemsNotDimensionallyQualifiedPlaceholder" xlink:to="ShorttermBorrowings" xlink:title="Definition: LineItemsNotDimensionallyQualifiedPlaceholder to ShorttermBorrowings" order="64.0"/><link:loc xlink:type="locator" xlink:href="http://xbrl.ifrs.org/taxonomy/2020-03-16/full_ifrs/full_ifrs-cor_2020-03-16.xsd#ifrs-full_TradeAndOtherCurrentPayablesToTradeSuppliers" xlink:label="TradeAndOtherCurrentPayablesToTradeSuppliers" xlink:title="TradeAndOtherCurrentPayablesToTradeSuppliers"/><link:definitionArc xlink:type="arc" xlink:arcrole="http://xbrl.org/int/dim/arcrole/domain-member" xlink:from="LineItemsNotDimensionallyQualifiedPlaceholder" xlink:to="TradeAndOtherCurrentPayablesToTradeSuppliers" xlink:title="Definition: LineItemsNotDimensionallyQualifiedPlaceholder to TradeAndOtherCurrentPayablesToTradeSuppliers" order="65.0"/><link:loc xlink:type="locator" xlink:href="http://xbrl.ifrs.org/taxonomy/2020-03-16/full_ifrs/full_ifrs-cor_2020-03-16.xsd#ifrs-full_CurrentLeaseLiabilities" xlink:label="CurrentLeaseLiabilities" xlink:title="CurrentLeaseLiabilities"/><link:definitionArc xlink:type="arc" xlink:arcrole="http://xbrl.org/int/dim/arcrole/domain-member" xlink:from="LineItemsNotDimensionallyQualifiedPlaceholder" xlink:to="CurrentLeaseLiabilities" xlink:title="Definition: LineItemsNotDimensionallyQualifiedPlaceholder to CurrentLeaseLiabilities" order="66.0"/><link:loc xlink:type="locator" xlink:href="http://xbrl.ifrs.org/taxonomy/2020-03-16/full_ifrs/full_ifrs-cor_2020-03-16.xsd#ifrs-full_CurrentTaxLiabilitiesCurrent" xlink:label="CurrentTaxLiabilitiesCurrent" xlink:title="CurrentTaxLiabilitiesCurrent"/><link:definitionArc xlink:type="arc" xlink:arcrole="http://xbrl.org/int/dim/arcrole/domain-member" xlink:from="LineItemsNotDimensionallyQualifiedPlaceholder" xlink:to="CurrentTaxLiabilitiesCurrent" xlink:title="Definition: LineItemsNotDimensionallyQualifiedPlaceholder to CurrentTaxLiabilitiesCurrent" order="67.0"/><link:loc xlink:type="locator" xlink:href="http://xbrl.ifrs.org/taxonomy/2020-03-16/full_ifrs/full_ifrs-cor_2020-03-16.xsd#ifrs-full_OtherCurrentPayables" xlink:label="OtherCurrentPayables" xlink:title="OtherCurrentPayables"/><link:definitionArc xlink:type="arc" xlink:arcrole="http://xbrl.org/int/dim/arcrole/domain-member" xlink:from="LineItemsNotDimensionallyQualifiedPlaceholder" xlink:to="OtherCurrentPayables" xlink:title="Definition: LineItemsNotDimensionallyQualifiedPlaceholder to OtherCurrentPayables" order="68.0"/><link:loc xlink:type="locator" xlink:href="http://xbrl.ifrs.org/taxonomy/2020-03-16/full_ifrs/full_ifrs-cor_2020-03-16.xsd#ifrs-full_CurrentLiabilities" xlink:label="CurrentLiabilities" xlink:title="CurrentLiabilities"/><link:definitionArc xlink:type="arc" xlink:arcrole="http://xbrl.org/int/dim/arcrole/domain-member" xlink:from="LineItemsNotDimensionallyQualifiedPlaceholder" xlink:to="CurrentLiabilities" xlink:title="Definition: LineItemsNotDimensionallyQualifiedPlaceholder to CurrentLiabilities" order="69.0"/><link:loc xlink:type="locator" xlink:href="http://xbrl.ifrs.org/taxonomy/2020-03-16/full_ifrs/full_ifrs-cor_2020-03-16.xsd#ifrs-full_Liabilities" xlink:label="Liabilities" xlink:title="Liabilities"/><link:definitionArc xlink:type="arc" xlink:arcrole="http://xbrl.org/int/dim/arcrole/domain-member" xlink:from="LineItemsNotDimensionallyQualifiedPlaceholder" xlink:to="Liabilities" xlink:title="Definition: LineItemsNotDimensionallyQualifiedPlaceholder to Liabilities" order="70.0"/><link:loc xlink:type="locator" xlink:href="http://xbrl.ifrs.org/taxonomy/2020-03-16/full_ifrs/full_ifrs-cor_2020-03-16.xsd#ifrs-full_EquityAndLiabilities" xlink:label="EquityAndLiabilities" xlink:title="EquityAndLiabilities"/><link:definitionArc xlink:type="arc" xlink:arcrole="http://xbrl.org/int/dim/arcrole/domain-member" xlink:from="LineItemsNotDimensionallyQualifiedPlaceholder" xlink:to="EquityAndLiabilities" xlink:title="Definition: LineItemsNotDimensionallyQualifiedPlaceholder to EquityAndLiabilities" order="71.0"/><link:loc xlink:type="locator" xlink:href="http://xbrl.ifrs.org/taxonomy/2020-03-16/full_ifrs/full_ifrs-cor_2020-03-16.xsd#ifrs-full_AdjustmentsForDepreciationAndAmortisationExpenseAndImpairmentLossReversalOfImpairmentLossRecognisedInProfitOrLoss" xlink:label="AdjustmentsForDepreciationAndAmortisationExpenseAndImpairmentLossReversalOfImpairmentLossRecognisedInProfitOrLoss" xlink:title="AdjustmentsForDepreciationAndAmortisationExpenseAndImpairmentLossReversalOfImpairmentLossRecognisedInProfitOrLoss"/><link:definitionArc xlink:type="arc" xlink:arcrole="http://xbrl.org/int/dim/arcrole/domain-member" xlink:from="LineItemsNotDimensionallyQualifiedPlaceholder" xlink:to="AdjustmentsForDepreciationAndAmortisationExpenseAndImpairmentLossReversalOfImpairmentLossRecognisedInProfitOrLoss" xlink:title="Definition: LineItemsNotDimensionallyQualifiedPlaceholder to AdjustmentsForDepreciationAndAmortisationExpenseAndImpairmentLossReversalOfImpairmentLossRecognisedInProfitOrLoss" order="72.0"/><link:loc xlink:type="locator" xlink:href="http://xbrl.ifrs.org/taxonomy/2020-03-16/full_ifrs/full_ifrs-cor_2020-03-16.xsd#ifrs-full_AdjustmentsForSharebasedPayments" xlink:label="AdjustmentsForSharebasedPayments" xlink:title="AdjustmentsForSharebasedPayments"/><link:definitionArc xlink:type="arc" xlink:arcrole="http://xbrl.org/int/dim/arcrole/domain-member" xlink:from="LineItemsNotDimensionallyQualifiedPlaceholder" xlink:to="AdjustmentsForSharebasedPayments" xlink:title="Definition: LineItemsNotDimensionallyQualifiedPlaceholder to AdjustmentsForSharebasedPayments" order="73.0"/><link:loc xlink:type="locator" xlink:href="http://xbrl.ifrs.org/taxonomy/2020-03-16/full_ifrs/full_ifrs-cor_2020-03-16.xsd#ifrs-full_AdjustmentsForProvisions" xlink:label="AdjustmentsForProvisions" xlink:title="AdjustmentsForProvisions"/><link:definitionArc xlink:type="arc" xlink:arcrole="http://xbrl.org/int/dim/arcrole/domain-member" xlink:from="LineItemsNotDimensionallyQualifiedPlaceholder" xlink:to="AdjustmentsForProvisions" xlink:title="Definition: LineItemsNotDimensionallyQualifiedPlaceholder to AdjustmentsForProvisions" order="74.0"/><link:loc xlink:type="locator" xlink:href="http://xbrl.ifrs.org/taxonomy/2020-03-16/full_ifrs/full_ifrs-cor_2020-03-16.xsd#ifrs-full_OtherAdjustmentsToReconcileProfitLoss" xlink:label="OtherAdjustmentsToReconcileProfitLoss" xlink:title="OtherAdjustmentsToReconcileProfitLoss"/><link:definitionArc xlink:type="arc" xlink:arcrole="http://xbrl.org/int/dim/arcrole/domain-member" xlink:from="LineItemsNotDimensionallyQualifiedPlaceholder" xlink:to="OtherAdjustmentsToReconcileProfitLoss" xlink:title="Definition: LineItemsNotDimensionallyQualifiedPlaceholder to OtherAdjustmentsToReconcileProfitLoss" order="75.0"/><link:loc xlink:type="locator" xlink:href="http://xbrl.ifrs.org/taxonomy/2020-03-16/full_ifrs/full_ifrs-cor_2020-03-16.xsd#ifrs-full_AdjustmentsForDecreaseIncreaseInInventories" xlink:label="AdjustmentsForDecreaseIncreaseInInventories" xlink:title="AdjustmentsForDecreaseIncreaseInInventories"/><link:definitionArc xlink:type="arc" xlink:arcrole="http://xbrl.org/int/dim/arcrole/domain-member" xlink:from="LineItemsNotDimensionallyQualifiedPlaceholder" xlink:to="AdjustmentsForDecreaseIncreaseInInventories" xlink:title="Definition: LineItemsNotDimensionallyQualifiedPlaceholder to AdjustmentsForDecreaseIncreaseInInventories" order="76.0"/><link:loc xlink:type="locator" xlink:href="http://xbrl.ifrs.org/taxonomy/2020-03-16/full_ifrs/full_ifrs-cor_2020-03-16.xsd#ifrs-full_AdjustmentsForDecreaseIncreaseInTradeAndOtherReceivables" xlink:label="AdjustmentsForDecreaseIncreaseInTradeAndOtherReceivables" xlink:title="AdjustmentsForDecreaseIncreaseInTradeAndOtherReceivables"/><link:definitionArc xlink:type="arc" xlink:arcrole="http://xbrl.org/int/dim/arcrole/domain-member" xlink:from="LineItemsNotDimensionallyQualifiedPlaceholder" xlink:to="AdjustmentsForDecreaseIncreaseInTradeAndOtherReceivables" xlink:title="Definition: LineItemsNotDimensionallyQualifiedPlaceholder to AdjustmentsForDecreaseIncreaseInTradeAndOtherReceivables" order="77.0"/><link:loc xlink:type="locator" xlink:href="http://xbrl.ifrs.org/taxonomy/2020-03-16/full_ifrs/full_ifrs-cor_2020-03-16.xsd#ifrs-full_AdjustmentsForIncreaseDecreaseInTradeAndOtherPayables" xlink:label="AdjustmentsForIncreaseDecreaseInTradeAndOtherPayables" xlink:title="AdjustmentsForIncreaseDecreaseInTradeAndOtherPayables"/><link:definitionArc xlink:type="arc" xlink:arcrole="http://xbrl.org/int/dim/arcrole/domain-member" xlink:from="LineItemsNotDimensionallyQualifiedPlaceholder" xlink:to="AdjustmentsForIncreaseDecreaseInTradeAndOtherPayables" xlink:title="Definition: LineItemsNotDimensionallyQualifiedPlaceholder to AdjustmentsForIncreaseDecreaseInTradeAndOtherPayables" order="78.0"/><link:loc xlink:type="locator" xlink:href="http://xbrl.ifrs.org/taxonomy/2020-03-16/full_ifrs/full_ifrs-cor_2020-03-16.xsd#ifrs-full_CashFlowsFromUsedInOperations" xlink:label="CashFlowsFromUsedInOperations" xlink:title="CashFlowsFromUsedInOperations"/><link:definitionArc xlink:type="arc" xlink:arcrole="http://xbrl.org/int/dim/arcrole/domain-member" xlink:from="LineItemsNotDimensionallyQualifiedPlaceholder" xlink:to="CashFlowsFromUsedInOperations" xlink:title="Definition: LineItemsNotDimensionallyQualifiedPlaceholder to CashFlowsFromUsedInOperations" order="79.0"/><link:loc xlink:type="locator" xlink:href="http://xbrl.ifrs.org/taxonomy/2020-03-16/full_ifrs/full_ifrs-cor_2020-03-16.xsd#ifrs-full_FinanceIncomeReceivedClassifiedAsOperatingActivities" xlink:label="FinanceIncomeReceivedClassifiedAsOperatingActivities" xlink:title="FinanceIncomeReceivedClassifiedAsOperatingActivities"/><link:definitionArc xlink:type="arc" xlink:arcrole="http://xbrl.org/int/dim/arcrole/domain-member" xlink:from="LineItemsNotDimensionallyQualifiedPlaceholder" xlink:to="FinanceIncomeReceivedClassifiedAsOperatingActivities" xlink:title="Definition: LineItemsNotDimensionallyQualifiedPlaceholder to FinanceIncomeReceivedClassifiedAsOperatingActivities" order="80.0"/><link:loc xlink:type="locator" xlink:href="http://xbrl.ifrs.org/taxonomy/2020-03-16/full_ifrs/full_ifrs-cor_2020-03-16.xsd#ifrs-full_FinanceCostsPaidClassifiedAsOperatingActivities" xlink:label="FinanceCostsPaidClassifiedAsOperatingActivities" xlink:title="FinanceCostsPaidClassifiedAsOperatingActivities"/><link:definitionArc xlink:type="arc" xlink:arcrole="http://xbrl.org/int/dim/arcrole/domain-member" xlink:from="LineItemsNotDimensionallyQualifiedPlaceholder" xlink:to="FinanceCostsPaidClassifiedAsOperatingActivities" xlink:title="Definition: LineItemsNotDimensionallyQualifiedPlaceholder to FinanceCostsPaidClassifiedAsOperatingActivities" order="81.0"/><link:loc xlink:type="locator" xlink:href="HLUNDBECK-2021-12-31.xsd#HLU_CashFlowsFromUsedInOperatingActivitiesBeforeTax" xlink:label="CashFlowsFromUsedInOperatingActivitiesBeforeTax" xlink:title="CashFlowsFromUsedInOperatingActivitiesBeforeTax"/><link:definitionArc xlink:type="arc" xlink:arcrole="http://xbrl.org/int/dim/arcrole/domain-member" xlink:from="LineItemsNotDimensionallyQualifiedPlaceholder" xlink:to="CashFlowsFromUsedInOperatingActivitiesBeforeTax" xlink:title="Definition: LineItemsNotDimensionallyQualifiedPlaceholder to CashFlowsFromUsedInOperatingActivitiesBeforeTax" order="82.0"/><link:loc xlink:type="locator" xlink:href="http://xbrl.ifrs.org/taxonomy/2020-03-16/full_ifrs/full_ifrs-cor_2020-03-16.xsd#ifrs-full_IncomeTaxesPaidClassifiedAsOperatingActivities" xlink:label="IncomeTaxesPaidClassifiedAsOperatingActivities" xlink:title="IncomeTaxesPaidClassifiedAsOperatingActivities"/><link:definitionArc xlink:type="arc" xlink:arcrole="http://xbrl.org/int/dim/arcrole/domain-member" xlink:from="LineItemsNotDimensionallyQualifiedPlaceholder" xlink:to="IncomeTaxesPaidClassifiedAsOperatingActivities" xlink:title="Definition: LineItemsNotDimensionallyQualifiedPlaceholder to IncomeTaxesPaidClassifiedAsOperatingActivities" order="83.0"/><link:loc xlink:type="locator" xlink:href="http://xbrl.ifrs.org/taxonomy/2020-03-16/full_ifrs/full_ifrs-cor_2020-03-16.xsd#ifrs-full_CashFlowsFromUsedInOperatingActivities" xlink:label="CashFlowsFromUsedInOperatingActivities" xlink:title="CashFlowsFromUsedInOperatingActivities"/><link:definitionArc xlink:type="arc" xlink:arcrole="http://xbrl.org/int/dim/arcrole/domain-member" xlink:from="LineItemsNotDimensionallyQualifiedPlaceholder" xlink:to="CashFlowsFromUsedInOperatingActivities" xlink:title="Definition: LineItemsNotDimensionallyQualifiedPlaceholder to CashFlowsFromUsedInOperatingActivities" order="84.0"/><link:loc xlink:type="locator" xlink:href="http://xbrl.ifrs.org/taxonomy/2020-03-16/full_ifrs/full_ifrs-cor_2020-03-16.xsd#ifrs-full_PurchaseOfIntangibleAssetsClassifiedAsInvestingActivities" xlink:label="PurchaseOfIntangibleAssetsClassifiedAsInvestingActivities" xlink:title="PurchaseOfIntangibleAssetsClassifiedAsInvestingActivities"/><link:definitionArc xlink:type="arc" xlink:arcrole="http://xbrl.org/int/dim/arcrole/domain-member" xlink:from="LineItemsNotDimensionallyQualifiedPlaceholder" xlink:to="PurchaseOfIntangibleAssetsClassifiedAsInvestingActivities" xlink:title="Definition: LineItemsNotDimensionallyQualifiedPlaceholder to PurchaseOfIntangibleAssetsClassifiedAsInvestingActivities" order="85.0"/><link:loc xlink:type="locator" xlink:href="http://xbrl.ifrs.org/taxonomy/2020-03-16/full_ifrs/full_ifrs-cor_2020-03-16.xsd#ifrs-full_PurchaseOfPropertyPlantAndEquipmentClassifiedAsInvestingActivities" xlink:label="PurchaseOfPropertyPlantAndEquipmentClassifiedAsInvestingActivities" xlink:title="PurchaseOfPropertyPlantAndEquipmentClassifiedAsInvestingActivities"/><link:definitionArc xlink:type="arc" xlink:arcrole="http://xbrl.org/int/dim/arcrole/domain-member" xlink:from="LineItemsNotDimensionallyQualifiedPlaceholder" xlink:to="PurchaseOfPropertyPlantAndEquipmentClassifiedAsInvestingActivities" xlink:title="Definition: LineItemsNotDimensionallyQualifiedPlaceholder to PurchaseOfPropertyPlantAndEquipmentClassifiedAsInvestingActivities" order="86.0"/><link:loc xlink:type="locator" xlink:href="http://xbrl.ifrs.org/taxonomy/2020-03-16/full_ifrs/full_ifrs-cor_2020-03-16.xsd#ifrs-full_ProceedsFromSalesOfPropertyPlantAndEquipmentClassifiedAsInvestingActivities" xlink:label="ProceedsFromSalesOfPropertyPlantAndEquipmentClassifiedAsInvestingActivities" xlink:title="ProceedsFromSalesOfPropertyPlantAndEquipmentClassifiedAsInvestingActivities"/><link:definitionArc xlink:type="arc" xlink:arcrole="http://xbrl.org/int/dim/arcrole/domain-member" xlink:from="LineItemsNotDimensionallyQualifiedPlaceholder" xlink:to="ProceedsFromSalesOfPropertyPlantAndEquipmentClassifiedAsInvestingActivities" xlink:title="Definition: LineItemsNotDimensionallyQualifiedPlaceholder to ProceedsFromSalesOfPropertyPlantAndEquipmentClassifiedAsInvestingActivities" order="87.0"/><link:loc xlink:type="locator" xlink:href="HLUNDBECK-2021-12-31.xsd#HLU_PurchaseOfOtherFinancialAssetsClassifiedAsInvestingActivities" xlink:label="PurchaseOfOtherFinancialAssetsClassifiedAsInvestingActivities" xlink:title="PurchaseOfOtherFinancialAssetsClassifiedAsInvestingActivities"/><link:definitionArc xlink:type="arc" xlink:arcrole="http://xbrl.org/int/dim/arcrole/domain-member" xlink:from="LineItemsNotDimensionallyQualifiedPlaceholder" xlink:to="PurchaseOfOtherFinancialAssetsClassifiedAsInvestingActivities" xlink:title="Definition: LineItemsNotDimensionallyQualifiedPlaceholder to PurchaseOfOtherFinancialAssetsClassifiedAsInvestingActivities" order="88.0"/><link:loc xlink:type="locator" xlink:href="HLUNDBECK-2021-12-31.xsd#HLU_ProceedsFromSalesOfOtherFinancialAssetsClassifiedAsInvestingActivities" xlink:label="ProceedsFromSalesOfOtherFinancialAssetsClassifiedAsInvestingActivities" xlink:title="ProceedsFromSalesOfOtherFinancialAssetsClassifiedAsInvestingActivities"/><link:definitionArc xlink:type="arc" xlink:arcrole="http://xbrl.org/int/dim/arcrole/domain-member" xlink:from="LineItemsNotDimensionallyQualifiedPlaceholder" xlink:to="ProceedsFromSalesOfOtherFinancialAssetsClassifiedAsInvestingActivities" xlink:title="Definition: LineItemsNotDimensionallyQualifiedPlaceholder to ProceedsFromSalesOfOtherFinancialAssetsClassifiedAsInvestingActivities" order="89.0"/><link:loc xlink:type="locator" xlink:href="http://xbrl.ifrs.org/taxonomy/2020-03-16/full_ifrs/full_ifrs-cor_2020-03-16.xsd#ifrs-full_CashFlowsFromUsedInInvestingActivities" xlink:label="CashFlowsFromUsedInInvestingActivities" xlink:title="CashFlowsFromUsedInInvestingActivities"/><link:definitionArc xlink:type="arc" xlink:arcrole="http://xbrl.org/int/dim/arcrole/domain-member" xlink:from="LineItemsNotDimensionallyQualifiedPlaceholder" xlink:to="CashFlowsFromUsedInInvestingActivities" xlink:title="Definition: LineItemsNotDimensionallyQualifiedPlaceholder to CashFlowsFromUsedInInvestingActivities" order="90.0"/><link:loc xlink:type="locator" xlink:href="HLUNDBECK-2021-12-31.xsd#HLU_CashFlowsFromUsedInOperatingAndInvestingActivities" xlink:label="CashFlowsFromUsedInOperatingAndInvestingActivities" xlink:title="CashFlowsFromUsedInOperatingAndInvestingActivities"/><link:definitionArc xlink:type="arc" xlink:arcrole="http://xbrl.org/int/dim/arcrole/domain-member" xlink:from="LineItemsNotDimensionallyQualifiedPlaceholder" xlink:to="CashFlowsFromUsedInOperatingAndInvestingActivities" xlink:title="Definition: LineItemsNotDimensionallyQualifiedPlaceholder to CashFlowsFromUsedInOperatingAndInvestingActivities" order="91.0"/><link:loc xlink:type="locator" xlink:href="http://xbrl.ifrs.org/taxonomy/2020-03-16/full_ifrs/full_ifrs-cor_2020-03-16.xsd#ifrs-full_ProceedsFromBorrowingsClassifiedAsFinancingActivities" xlink:label="ProceedsFromBorrowingsClassifiedAsFinancingActivities" xlink:title="ProceedsFromBorrowingsClassifiedAsFinancingActivities"/><link:definitionArc xlink:type="arc" xlink:arcrole="http://xbrl.org/int/dim/arcrole/domain-member" xlink:from="LineItemsNotDimensionallyQualifiedPlaceholder" xlink:to="ProceedsFromBorrowingsClassifiedAsFinancingActivities" xlink:title="Definition: LineItemsNotDimensionallyQualifiedPlaceholder to ProceedsFromBorrowingsClassifiedAsFinancingActivities" order="92.0"/><link:loc xlink:type="locator" xlink:href="http://xbrl.ifrs.org/taxonomy/2020-03-16/full_ifrs/full_ifrs-cor_2020-03-16.xsd#ifrs-full_RepaymentsOfBorrowingsClassifiedAsFinancingActivities" xlink:label="RepaymentsOfBorrowingsClassifiedAsFinancingActivities" xlink:title="RepaymentsOfBorrowingsClassifiedAsFinancingActivities"/><link:definitionArc xlink:type="arc" xlink:arcrole="http://xbrl.org/int/dim/arcrole/domain-member" xlink:from="LineItemsNotDimensionallyQualifiedPlaceholder" xlink:to="RepaymentsOfBorrowingsClassifiedAsFinancingActivities" xlink:title="Definition: LineItemsNotDimensionallyQualifiedPlaceholder to RepaymentsOfBorrowingsClassifiedAsFinancingActivities" order="93.0"/><link:loc xlink:type="locator" xlink:href="http://xbrl.ifrs.org/taxonomy/2020-03-16/full_ifrs/full_ifrs-cor_2020-03-16.xsd#ifrs-full_PaymentsOfLeaseLiabilitiesClassifiedAsFinancingActivities" xlink:label="PaymentsOfLeaseLiabilitiesClassifiedAsFinancingActivities" xlink:title="PaymentsOfLeaseLiabilitiesClassifiedAsFinancingActivities"/><link:definitionArc xlink:type="arc" xlink:arcrole="http://xbrl.org/int/dim/arcrole/domain-member" xlink:from="LineItemsNotDimensionallyQualifiedPlaceholder" xlink:to="PaymentsOfLeaseLiabilitiesClassifiedAsFinancingActivities" xlink:title="Definition: LineItemsNotDimensionallyQualifiedPlaceholder to PaymentsOfLeaseLiabilitiesClassifiedAsFinancingActivities" order="94.0"/><link:loc xlink:type="locator" xlink:href="http://xbrl.ifrs.org/taxonomy/2020-03-16/full_ifrs/full_ifrs-cor_2020-03-16.xsd#ifrs-full_PaymentsToAcquireOrRedeemEntitysShares" xlink:label="PaymentsToAcquireOrRedeemEntitysShares" xlink:title="PaymentsToAcquireOrRedeemEntitysShares"/><link:definitionArc xlink:type="arc" xlink:arcrole="http://xbrl.org/int/dim/arcrole/domain-member" xlink:from="LineItemsNotDimensionallyQualifiedPlaceholder" xlink:to="PaymentsToAcquireOrRedeemEntitysShares" xlink:title="Definition: LineItemsNotDimensionallyQualifiedPlaceholder to PaymentsToAcquireOrRedeemEntitysShares" order="95.0"/><link:loc xlink:type="locator" xlink:href="HLUNDBECK-2021-12-31.xsd#HLU_ProceedsFromExerciseOfWarrantsClassifiedAsFinancingActivities" xlink:label="ProceedsFromExerciseOfWarrantsClassifiedAsFinancingActivities" xlink:title="ProceedsFromExerciseOfWarrantsClassifiedAsFinancingActivities"/><link:definitionArc xlink:type="arc" xlink:arcrole="http://xbrl.org/int/dim/arcrole/domain-member" xlink:from="LineItemsNotDimensionallyQualifiedPlaceholder" xlink:to="ProceedsFromExerciseOfWarrantsClassifiedAsFinancingActivities" xlink:title="Definition: LineItemsNotDimensionallyQualifiedPlaceholder to ProceedsFromExerciseOfWarrantsClassifiedAsFinancingActivities" order="96.0"/><link:loc xlink:type="locator" xlink:href="http://xbrl.ifrs.org/taxonomy/2020-03-16/full_ifrs/full_ifrs-cor_2020-03-16.xsd#ifrs-full_DividendsPaidClassifiedAsFinancingActivities" xlink:label="DividendsPaidClassifiedAsFinancingActivities" xlink:title="DividendsPaidClassifiedAsFinancingActivities"/><link:definitionArc xlink:type="arc" xlink:arcrole="http://xbrl.org/int/dim/arcrole/domain-member" xlink:from="LineItemsNotDimensionallyQualifiedPlaceholder" xlink:to="DividendsPaidClassifiedAsFinancingActivities" xlink:title="Definition: LineItemsNotDimensionallyQualifiedPlaceholder to DividendsPaidClassifiedAsFinancingActivities" order="97.0"/><link:loc xlink:type="locator" xlink:href="http://xbrl.ifrs.org/taxonomy/2020-03-16/full_ifrs/full_ifrs-cor_2020-03-16.xsd#ifrs-full_CashFlowsFromUsedInFinancingActivities" xlink:label="CashFlowsFromUsedInFinancingActivities" xlink:title="CashFlowsFromUsedInFinancingActivities"/><link:definitionArc xlink:type="arc" xlink:arcrole="http://xbrl.org/int/dim/arcrole/domain-member" xlink:from="LineItemsNotDimensionallyQualifiedPlaceholder" xlink:to="CashFlowsFromUsedInFinancingActivities" xlink:title="Definition: LineItemsNotDimensionallyQualifiedPlaceholder to CashFlowsFromUsedInFinancingActivities" order="98.0"/><link:loc xlink:type="locator" xlink:href="http://xbrl.ifrs.org/taxonomy/2020-03-16/full_ifrs/full_ifrs-cor_2020-03-16.xsd#ifrs-full_IncreaseDecreaseInCashAndCashEquivalentsBeforeEffectOfExchangeRateChanges" xlink:label="IncreaseDecreaseInCashAndCashEquivalentsBeforeEffectOfExchangeRateChanges" xlink:title="IncreaseDecreaseInCashAndCashEquivalentsBeforeEffectOfExchangeRateChanges"/><link:definitionArc xlink:type="arc" xlink:arcrole="http://xbrl.org/int/dim/arcrole/domain-member" xlink:from="LineItemsNotDimensionallyQualifiedPlaceholder" xlink:to="IncreaseDecreaseInCashAndCashEquivalentsBeforeEffectOfExchangeRateChanges" xlink:title="Definition: LineItemsNotDimensionallyQualifiedPlaceholder to IncreaseDecreaseInCashAndCashEquivalentsBeforeEffectOfExchangeRateChanges" order="99.0"/><link:loc xlink:type="locator" xlink:href="http://xbrl.ifrs.org/taxonomy/2020-03-16/full_ifrs/full_ifrs-cor_2020-03-16.xsd#ifrs-full_EffectOfExchangeRateChangesOnCashAndCashEquivalents" xlink:label="EffectOfExchangeRateChangesOnCashAndCashEquivalents" xlink:title="EffectOfExchangeRateChangesOnCashAndCashEquivalents"/><link:definitionArc xlink:type="arc" xlink:arcrole="http://xbrl.org/int/dim/arcrole/domain-member" xlink:from="LineItemsNotDimensionallyQualifiedPlaceholder" xlink:to="EffectOfExchangeRateChangesOnCashAndCashEquivalents" xlink:title="Definition: LineItemsNotDimensionallyQualifiedPlaceholder to EffectOfExchangeRateChangesOnCashAndCashEquivalents" order="100.0"/><link:loc xlink:type="locator" xlink:href="http://xbrl.ifrs.org/taxonomy/2020-03-16/full_ifrs/full_ifrs-cor_2020-03-16.xsd#ifrs-full_PrincipalPlaceOfBusiness" xlink:label="PrincipalPlaceOfBusiness" xlink:title="PrincipalPlaceOfBusiness"/><link:definitionArc xlink:type="arc" xlink:arcrole="http://xbrl.org/int/dim/arcrole/domain-member" xlink:from="LineItemsNotDimensionallyQualifiedPlaceholder" xlink:to="PrincipalPlaceOfBusiness" xlink:title="Definition: LineItemsNotDimensionallyQualifiedPlaceholder to PrincipalPlaceOfBusiness" order="101.0"/><link:loc xlink:type="locator" xlink:href="http://xbrl.ifrs.org/taxonomy/2020-03-16/full_ifrs/full_ifrs-cor_2020-03-16.xsd#ifrs-full_NameOfReportingEntityOrOtherMeansOfIdentification" xlink:label="NameOfReportingEntityOrOtherMeansOfIdentification" xlink:title="NameOfReportingEntityOrOtherMeansOfIdentification"/><link:definitionArc xlink:type="arc" xlink:arcrole="http://xbrl.org/int/dim/arcrole/domain-member" xlink:from="LineItemsNotDimensionallyQualifiedPlaceholder" xlink:to="NameOfReportingEntityOrOtherMeansOfIdentification" xlink:title="Definition: LineItemsNotDimensionallyQualifiedPlaceholder to NameOfReportingEntityOrOtherMeansOfIdentification" order="102.0"/><link:loc xlink:type="locator" xlink:href="http://xbrl.ifrs.org/taxonomy/2020-03-16/full_ifrs/full_ifrs-cor_2020-03-16.xsd#ifrs-full_DomicileOfEntity" xlink:label="DomicileOfEntity" xlink:title="DomicileOfEntity"/><link:definitionArc xlink:type="arc" xlink:arcrole="http://xbrl.org/int/dim/arcrole/domain-member" xlink:from="LineItemsNotDimensionallyQualifiedPlaceholder" xlink:to="DomicileOfEntity" xlink:title="Definition: LineItemsNotDimensionallyQualifiedPlaceholder to DomicileOfEntity" order="103.0"/><link:loc xlink:type="locator" xlink:href="http://xbrl.ifrs.org/taxonomy/2020-03-16/full_ifrs/full_ifrs-cor_2020-03-16.xsd#ifrs-full_AddressOfRegisteredOfficeOfEntity" xlink:label="AddressOfRegisteredOfficeOfEntity" xlink:title="AddressOfRegisteredOfficeOfEntity"/><link:definitionArc xlink:type="arc" xlink:arcrole="http://xbrl.org/int/dim/arcrole/domain-member" xlink:from="LineItemsNotDimensionallyQualifiedPlaceholder" xlink:to="AddressOfRegisteredOfficeOfEntity" xlink:title="Definition: LineItemsNotDimensionallyQualifiedPlaceholder to AddressOfRegisteredOfficeOfEntity" order="104.0"/><link:loc xlink:type="locator" xlink:href="http://xbrl.ifrs.org/taxonomy/2020-03-16/full_ifrs/full_ifrs-cor_2020-03-16.xsd#ifrs-full_DescriptionOfNatureOfEntitysOperationsAndPrincipalActivities" xlink:label="DescriptionOfNatureOfEntitysOperationsAndPrincipalActivities" xlink:title="DescriptionOfNatureOfEntitysOperationsAndPrincipalActivities"/><link:definitionArc xlink:type="arc" xlink:arcrole="http://xbrl.org/int/dim/arcrole/domain-member" xlink:from="LineItemsNotDimensionallyQualifiedPlaceholder" xlink:to="DescriptionOfNatureOfEntitysOperationsAndPrincipalActivities" xlink:title="Definition: LineItemsNotDimensionallyQualifiedPlaceholder to DescriptionOfNatureOfEntitysOperationsAndPrincipalActivities" order="105.0"/><link:loc xlink:type="locator" xlink:href="http://xbrl.ifrs.org/taxonomy/2020-03-16/full_ifrs/full_ifrs-cor_2020-03-16.xsd#ifrs-full_CountryOfIncorporation" xlink:label="CountryOfIncorporation" xlink:title="CountryOfIncorporation"/><link:definitionArc xlink:type="arc" xlink:arcrole="http://xbrl.org/int/dim/arcrole/domain-member" xlink:from="LineItemsNotDimensionallyQualifiedPlaceholder" xlink:to="CountryOfIncorporation" xlink:title="Definition: LineItemsNotDimensionallyQualifiedPlaceholder to CountryOfIncorporation" order="106.0"/><link:loc xlink:type="locator" xlink:href="http://xbrl.ifrs.org/taxonomy/2020-03-16/full_ifrs/full_ifrs-cor_2020-03-16.xsd#ifrs-full_LegalFormOfEntity" xlink:label="LegalFormOfEntity" xlink:title="LegalFormOfEntity"/><link:definitionArc xlink:type="arc" xlink:arcrole="http://xbrl.org/int/dim/arcrole/domain-member" xlink:from="LineItemsNotDimensionallyQualifiedPlaceholder" xlink:to="LegalFormOfEntity" xlink:title="Definition: LineItemsNotDimensionallyQualifiedPlaceholder to LegalFormOfEntity" order="107.0"/><link:loc xlink:type="locator" xlink:href="http://xbrl.ifrs.org/taxonomy/2020-03-16/full_ifrs/full_ifrs-cor_2020-03-16.xsd#ifrs-full_NameOfUltimateParentOfGroup" xlink:label="NameOfUltimateParentOfGroup" xlink:title="NameOfUltimateParentOfGroup"/><link:definitionArc xlink:type="arc" xlink:arcrole="http://xbrl.org/int/dim/arcrole/domain-member" xlink:from="LineItemsNotDimensionallyQualifiedPlaceholder" xlink:to="NameOfUltimateParentOfGroup" xlink:title="Definition: LineItemsNotDimensionallyQualifiedPlaceholder to NameOfUltimateParentOfGroup" order="108.0"/><link:loc xlink:type="locator" xlink:href="http://xbrl.ifrs.org/taxonomy/2020-03-16/full_ifrs/full_ifrs-cor_2020-03-16.xsd#ifrs-full_NameOfParentEntity" xlink:label="NameOfParentEntity" xlink:title="NameOfParentEntity"/><link:definitionArc xlink:type="arc" xlink:arcrole="http://xbrl.org/int/dim/arcrole/domain-member" xlink:from="LineItemsNotDimensionallyQualifiedPlaceholder" xlink:to="NameOfParentEntity" xlink:title="Definition: LineItemsNotDimensionallyQualifiedPlaceholder to NameOfParentEntity" order="109.0"/></link:definitionLink><link:definitionLink xlink:type="extended" xlink:role="http://xbrl.lundbeck.com/role/Anchoring"><link:loc xlink:type="locator" xlink:href="http://xbrl.ifrs.org/taxonomy/2020-03-16/full_ifrs/full_ifrs-cor_2020-03-16.xsd#ifrs-full_ProfitLossFromOperatingActivities" xlink:label="ProfitLossFromOperatingActivities" xlink:title="ProfitLossFromOperatingActivities"/><link:loc xlink:type="locator" xlink:href="HLUNDBECK-2021-12-31.xsd#HLU_SellingExpenseAndDistributionCosts" xlink:label="SellingExpenseAndDistributionCosts" xlink:title="SellingExpenseAndDistributionCosts"/><link:definitionArc xlink:type="arc" xlink:arcrole="http://www.esma.europa.eu/xbrl/esef/arcrole/wider-narrower" xlink:from="ProfitLossFromOperatingActivities" xlink:to="SellingExpenseAndDistributionCosts" xlink:title="Definition: ProfitLossFromOperatingActivities to SellingExpenseAndDistributionCosts" order="1.0"/><link:loc xlink:type="locator" xlink:href="http://xbrl.ifrs.org/taxonomy/2020-03-16/full_ifrs/full_ifrs-cor_2020-03-16.xsd#ifrs-full_SellingExpense" xlink:label="SellingExpense" xlink:title="SellingExpense"/><link:definitionArc xlink:type="arc" xlink:arcrole="http://www.esma.europa.eu/xbrl/esef/arcrole/wider-narrower" xlink:from="SellingExpenseAndDistributionCosts" xlink:to="SellingExpense" xlink:title="Definition: SellingExpenseAndDistributionCosts to SellingExpense" order="1.0"/><link:loc xlink:type="locator" xlink:href="http://xbrl.ifrs.org/taxonomy/2020-03-16/full_ifrs/full_ifrs-cor_2020-03-16.xsd#ifrs-full_DistributionCosts" xlink:label="DistributionCosts" xlink:title="DistributionCosts"/><link:definitionArc xlink:type="arc" xlink:arcrole="http://www.esma.europa.eu/xbrl/esef/arcrole/wider-narrower" xlink:from="SellingExpenseAndDistributionCosts" xlink:to="DistributionCosts" xlink:title="Definition: SellingExpenseAndDistributionCosts to DistributionCosts" order="2.0"/><link:loc xlink:type="locator" xlink:href="http://xbrl.ifrs.org/taxonomy/2020-03-16/full_ifrs/full_ifrs-cor_2020-03-16.xsd#ifrs-full_GainsLossesOnExchangeDifferencesOnTranslationBeforeTax" xlink:label="GainsLossesOnExchangeDifferencesOnTranslationBeforeTax" xlink:title="GainsLossesOnExchangeDifferencesOnTranslationBeforeTax"/><link:loc xlink:type="locator" xlink:href="HLUNDBECK-2021-12-31.xsd#HLU_GainsLossesOnExchangeDifferencesOnTranslationOfForeignOperationsBeforeTax" xlink:label="GainsLossesOnExchangeDifferencesOnTranslationOfForeignOperationsBeforeTax" xlink:title="GainsLossesOnExchangeDifferencesOnTranslationOfForeignOperationsBeforeTax"/><link:definitionArc xlink:type="arc" xlink:arcrole="http://www.esma.europa.eu/xbrl/esef/arcrole/wider-narrower" xlink:from="GainsLossesOnExchangeDifferencesOnTranslationBeforeTax" xlink:to="GainsLossesOnExchangeDifferencesOnTranslationOfForeignOperationsBeforeTax" xlink:title="Definition: GainsLossesOnExchangeDifferencesOnTranslationBeforeTax to GainsLossesOnExchangeDifferencesOnTranslationOfForeignOperationsBeforeTax" order="1.0"/><link:loc xlink:type="locator" xlink:href="HLUNDBECK-2021-12-31.xsd#HLU_GainsLossesOnExchangeDifferencesOnAdditionsToNetInvestmentsInForeignOperationsBeforeTax" xlink:label="GainsLossesOnExchangeDifferencesOnAdditionsToNetInvestmentsInForeignOperationsBeforeTax" xlink:title="GainsLossesOnExchangeDifferencesOnAdditionsToNetInvestmentsInForeignOperationsBeforeTax"/><link:definitionArc xlink:type="arc" xlink:arcrole="http://www.esma.europa.eu/xbrl/esef/arcrole/wider-narrower" xlink:from="GainsLossesOnExchangeDifferencesOnTranslationBeforeTax" xlink:to="GainsLossesOnExchangeDifferencesOnAdditionsToNetInvestmentsInForeignOperationsBeforeTax" xlink:title="Definition: GainsLossesOnExchangeDifferencesOnTranslationBeforeTax to GainsLossesOnExchangeDifferencesOnAdditionsToNetInvestmentsInForeignOperationsBeforeTax" order="2.0"/><link:loc xlink:type="locator" xlink:href="http://xbrl.ifrs.org/taxonomy/2020-03-16/full_ifrs/full_ifrs-cor_2020-03-16.xsd#ifrs-full_GainsLossesOnCashFlowHedgesBeforeTax" xlink:label="GainsLossesOnCashFlowHedgesBeforeTax" xlink:title="GainsLossesOnCashFlowHedgesBeforeTax"/><link:loc xlink:type="locator" xlink:href="HLUNDBECK-2021-12-31.xsd#HLU_GainsLossesOnCashFlowHedgesBeforeTaxExchangeRate" xlink:label="GainsLossesOnCashFlowHedgesBeforeTaxExchangeRate" xlink:title="GainsLossesOnCashFlowHedgesBeforeTaxExchangeRate"/><link:definitionArc xlink:type="arc" xlink:arcrole="http://www.esma.europa.eu/xbrl/esef/arcrole/wider-narrower" xlink:from="GainsLossesOnCashFlowHedgesBeforeTax" xlink:to="GainsLossesOnCashFlowHedgesBeforeTaxExchangeRate" xlink:title="Definition: GainsLossesOnCashFlowHedgesBeforeTax to GainsLossesOnCashFlowHedgesBeforeTaxExchangeRate" order="1.0"/><link:loc xlink:type="locator" xlink:href="HLUNDBECK-2021-12-31.xsd#HLU_GainsLossesOnCashFlowHedgesBeforeTaxInterestRate" xlink:label="GainsLossesOnCashFlowHedgesBeforeTaxInterestRate" xlink:title="GainsLossesOnCashFlowHedgesBeforeTaxInterestRate"/><link:definitionArc xlink:type="arc" xlink:arcrole="http://www.esma.europa.eu/xbrl/esef/arcrole/wider-narrower" xlink:from="GainsLossesOnCashFlowHedgesBeforeTax" xlink:to="GainsLossesOnCashFlowHedgesBeforeTaxInterestRate" xlink:title="Definition: GainsLossesOnCashFlowHedgesBeforeTax to GainsLossesOnCashFlowHedgesBeforeTaxInterestRate" order="2.0"/><link:loc xlink:type="locator" xlink:href="http://xbrl.ifrs.org/taxonomy/2020-03-16/full_ifrs/full_ifrs-cor_2020-03-16.xsd#ifrs-full_ReclassificationAdjustmentsOnCashFlowHedgesBeforeTax" xlink:label="ReclassificationAdjustmentsOnCashFlowHedgesBeforeTax" xlink:title="ReclassificationAdjustmentsOnCashFlowHedgesBeforeTax"/><link:loc xlink:type="locator" xlink:href="HLUNDBECK-2021-12-31.xsd#HLU_ReclassificationAdjustmentsOnCashFlowHedgesBeforeTaxRevenue" xlink:label="ReclassificationAdjustmentsOnCashFlowHedgesBeforeTaxRevenue" xlink:title="ReclassificationAdjustmentsOnCashFlowHedgesBeforeTaxRevenue"/><link:definitionArc xlink:type="arc" xlink:arcrole="http://www.esma.europa.eu/xbrl/esef/arcrole/wider-narrower" xlink:from="ReclassificationAdjustmentsOnCashFlowHedgesBeforeTax" xlink:to="ReclassificationAdjustmentsOnCashFlowHedgesBeforeTaxRevenue" xlink:title="Definition: ReclassificationAdjustmentsOnCashFlowHedgesBeforeTax to ReclassificationAdjustmentsOnCashFlowHedgesBeforeTaxRevenue" order="1.0"/><link:loc xlink:type="locator" xlink:href="http://xbrl.ifrs.org/taxonomy/2020-03-16/full_ifrs/full_ifrs-cor_2020-03-16.xsd#ifrs-full_CopyrightsPatentsAndOtherIndustrialPropertyRightsServiceAndOperatingRights" xlink:label="CopyrightsPatentsAndOtherIndustrialPropertyRightsServiceAndOperatingRights" xlink:title="CopyrightsPatentsAndOtherIndustrialPropertyRightsServiceAndOperatingRights"/><link:loc xlink:type="locator" xlink:href="HLUNDBECK-2021-12-31.xsd#HLU_ProductRights" xlink:label="ProductRights" xlink:title="ProductRights"/><link:definitionArc xlink:type="arc" xlink:arcrole="http://www.esma.europa.eu/xbrl/esef/arcrole/wider-narrower" xlink:from="CopyrightsPatentsAndOtherIndustrialPropertyRightsServiceAndOperatingRights" xlink:to="ProductRights" xlink:title="Definition: CopyrightsPatentsAndOtherIndustrialPropertyRightsServiceAndOperatingRights to ProductRights" order="1.0"/><link:loc xlink:type="locator" xlink:href="HLUNDBECK-2021-12-31.xsd#HLU_OtherRights" xlink:label="OtherRights" xlink:title="OtherRights"/><link:definitionArc xlink:type="arc" xlink:arcrole="http://www.esma.europa.eu/xbrl/esef/arcrole/wider-narrower" xlink:from="CopyrightsPatentsAndOtherIndustrialPropertyRightsServiceAndOperatingRights" xlink:to="OtherRights" xlink:title="Definition: CopyrightsPatentsAndOtherIndustrialPropertyRightsServiceAndOperatingRights to OtherRights" order="2.0"/><link:loc xlink:type="locator" xlink:href="http://xbrl.ifrs.org/taxonomy/2020-03-16/full_ifrs/full_ifrs-cor_2020-03-16.xsd#ifrs-full_PropertyPlantAndEquipment" xlink:label="PropertyPlantAndEquipment" xlink:title="PropertyPlantAndEquipment"/><link:loc xlink:type="locator" xlink:href="HLUNDBECK-2021-12-31.xsd#HLU_PlantAndMachinery" xlink:label="PlantAndMachinery" xlink:title="PlantAndMachinery"/><link:definitionArc xlink:type="arc" xlink:arcrole="http://www.esma.europa.eu/xbrl/esef/arcrole/wider-narrower" xlink:from="PropertyPlantAndEquipment" xlink:to="PlantAndMachinery" xlink:title="Definition: PropertyPlantAndEquipment to PlantAndMachinery" order="1.0"/><link:loc xlink:type="locator" xlink:href="http://xbrl.ifrs.org/taxonomy/2020-03-16/full_ifrs/full_ifrs-cor_2020-03-16.xsd#ifrs-full_Machinery" xlink:label="Machinery" xlink:title="Machinery"/><link:definitionArc xlink:type="arc" xlink:arcrole="http://www.esma.europa.eu/xbrl/esef/arcrole/wider-narrower" xlink:from="PlantAndMachinery" xlink:to="Machinery" xlink:title="Definition: PlantAndMachinery to Machinery" order="1.0"/><link:loc xlink:type="locator" xlink:href="HLUNDBECK-2021-12-31.xsd#HLU_ConstructionInProgressAndPrepaymentsForConstructionInProgress" xlink:label="ConstructionInProgressAndPrepaymentsForConstructionInProgress" xlink:title="ConstructionInProgressAndPrepaymentsForConstructionInProgress"/><link:definitionArc xlink:type="arc" xlink:arcrole="http://www.esma.europa.eu/xbrl/esef/arcrole/wider-narrower" xlink:from="PropertyPlantAndEquipment" xlink:to="ConstructionInProgressAndPrepaymentsForConstructionInProgress" xlink:title="Definition: PropertyPlantAndEquipment to ConstructionInProgressAndPrepaymentsForConstructionInProgress" order="2.0"/><link:loc xlink:type="locator" xlink:href="http://xbrl.ifrs.org/taxonomy/2020-03-16/full_ifrs/full_ifrs-cor_2020-03-16.xsd#ifrs-full_IncreaseDecreaseThroughTransactionsWithOwners" xlink:label="IncreaseDecreaseThroughTransactionsWithOwners" xlink:title="IncreaseDecreaseThroughTransactionsWithOwners"/><link:loc xlink:type="locator" xlink:href="HLUNDBECK-2021-12-31.xsd#HLU_DividendsReceivedFromTreasuryShares" xlink:label="DividendsReceivedFromTreasuryShares" xlink:title="DividendsReceivedFromTreasuryShares"/><link:definitionArc xlink:type="arc" xlink:arcrole="http://www.esma.europa.eu/xbrl/esef/arcrole/wider-narrower" xlink:from="IncreaseDecreaseThroughTransactionsWithOwners" xlink:to="DividendsReceivedFromTreasuryShares" xlink:title="Definition: IncreaseDecreaseThroughTransactionsWithOwners to DividendsReceivedFromTreasuryShares" order="1.0"/><link:loc xlink:type="locator" xlink:href="http://xbrl.ifrs.org/taxonomy/2020-03-16/full_ifrs/full_ifrs-cor_2020-03-16.xsd#ifrs-full_IncreaseDecreaseInCashAndCashEquivalents" xlink:label="IncreaseDecreaseInCashAndCashEquivalents" xlink:title="IncreaseDecreaseInCashAndCashEquivalents"/><link:loc xlink:type="locator" xlink:href="HLUNDBECK-2021-12-31.xsd#HLU_CashFlowsFromUsedInOperatingAndInvestingActivities" xlink:label="CashFlowsFromUsedInOperatingAndInvestingActivities" xlink:title="CashFlowsFromUsedInOperatingAndInvestingActivities"/><link:definitionArc xlink:type="arc" xlink:arcrole="http://www.esma.europa.eu/xbrl/esef/arcrole/wider-narrower" xlink:from="IncreaseDecreaseInCashAndCashEquivalents" xlink:to="CashFlowsFromUsedInOperatingAndInvestingActivities" xlink:title="Definition: IncreaseDecreaseInCashAndCashEquivalents to CashFlowsFromUsedInOperatingAndInvestingActivities" order="1.0"/><link:loc xlink:type="locator" xlink:href="http://xbrl.ifrs.org/taxonomy/2020-03-16/full_ifrs/full_ifrs-cor_2020-03-16.xsd#ifrs-full_CashFlowsFromUsedInOperatingActivities" xlink:label="CashFlowsFromUsedInOperatingActivities" xlink:title="CashFlowsFromUsedInOperatingActivities"/><link:definitionArc xlink:type="arc" xlink:arcrole="http://www.esma.europa.eu/xbrl/esef/arcrole/wider-narrower" xlink:from="CashFlowsFromUsedInOperatingAndInvestingActivities" xlink:to="CashFlowsFromUsedInOperatingActivities" xlink:title="Definition: CashFlowsFromUsedInOperatingAndInvestingActivities to CashFlowsFromUsedInOperatingActivities" order="1.0"/><link:loc xlink:type="locator" xlink:href="http://xbrl.ifrs.org/taxonomy/2020-03-16/full_ifrs/full_ifrs-cor_2020-03-16.xsd#ifrs-full_CashFlowsFromUsedInInvestingActivities" xlink:label="CashFlowsFromUsedInInvestingActivities" xlink:title="CashFlowsFromUsedInInvestingActivities"/><link:definitionArc xlink:type="arc" xlink:arcrole="http://www.esma.europa.eu/xbrl/esef/arcrole/wider-narrower" xlink:from="CashFlowsFromUsedInOperatingAndInvestingActivities" xlink:to="CashFlowsFromUsedInInvestingActivities" xlink:title="Definition: CashFlowsFromUsedInOperatingAndInvestingActivities to CashFlowsFromUsedInInvestingActivities" order="2.0"/><link:loc xlink:type="locator" xlink:href="HLUNDBECK-2021-12-31.xsd#HLU_PurchaseOfOtherFinancialAssetsClassifiedAsInvestingActivities" xlink:label="PurchaseOfOtherFinancialAssetsClassifiedAsInvestingActivities" xlink:title="PurchaseOfOtherFinancialAssetsClassifiedAsInvestingActivities"/><link:definitionArc xlink:type="arc" xlink:arcrole="http://www.esma.europa.eu/xbrl/esef/arcrole/wider-narrower" xlink:from="CashFlowsFromUsedInInvestingActivities" xlink:to="PurchaseOfOtherFinancialAssetsClassifiedAsInvestingActivities" xlink:title="Definition: CashFlowsFromUsedInInvestingActivities to PurchaseOfOtherFinancialAssetsClassifiedAsInvestingActivities" order="1.0"/><link:loc xlink:type="locator" xlink:href="HLUNDBECK-2021-12-31.xsd#HLU_ProceedsFromSalesOfOtherFinancialAssetsClassifiedAsInvestingActivities" xlink:label="ProceedsFromSalesOfOtherFinancialAssetsClassifiedAsInvestingActivities" xlink:title="ProceedsFromSalesOfOtherFinancialAssetsClassifiedAsInvestingActivities"/><link:definitionArc xlink:type="arc" xlink:arcrole="http://www.esma.europa.eu/xbrl/esef/arcrole/wider-narrower" xlink:from="CashFlowsFromUsedInInvestingActivities" xlink:to="ProceedsFromSalesOfOtherFinancialAssetsClassifiedAsInvestingActivities" xlink:title="Definition: CashFlowsFromUsedInInvestingActivities to ProceedsFromSalesOfOtherFinancialAssetsClassifiedAsInvestingActivities" order="2.0"/><link:loc xlink:type="locator" xlink:href="http://xbrl.ifrs.org/taxonomy/2020-03-16/full_ifrs/full_ifrs-cor_2020-03-16.xsd#ifrs-full_CashFlowsFromUsedInFinancingActivities" xlink:label="CashFlowsFromUsedInFinancingActivities" xlink:title="CashFlowsFromUsedInFinancingActivities"/><link:loc xlink:type="locator" xlink:href="HLUNDBECK-2021-12-31.xsd#HLU_ProceedsFromExerciseOfWarrantsClassifiedAsFinancingActivities" xlink:label="ProceedsFromExerciseOfWarrantsClassifiedAsFinancingActivities" xlink:title="ProceedsFromExerciseOfWarrantsClassifiedAsFinancingActivities"/><link:definitionArc xlink:type="arc" xlink:arcrole="http://www.esma.europa.eu/xbrl/esef/arcrole/wider-narrower" xlink:from="CashFlowsFromUsedInFinancingActivities" xlink:to="ProceedsFromExerciseOfWarrantsClassifiedAsFinancingActivities" xlink:title="Definition: CashFlowsFromUsedInFinancingActivities to ProceedsFromExerciseOfWarrantsClassifiedAsFinancingActivities" order="1.0"/></link:definitionLink></link:linkbase>