<?xml version="1.0" encoding ="UTF-8"?><link:linkbase xmlns:xsi="http://www.w3.org/2001/XMLSchema-instance" xsi:schemaLocation="http://www.xbrl.org/2003/linkbase http://www.xbrl.org/2003/xbrl-linkbase-2003-12-31.xsd" xmlns:link="http://www.xbrl.org/2003/linkbase" xmlns:xbrli="http://www.xbrl.org/2003/instance" xmlns:xlink="http://www.w3.org/1999/xlink" xmlns:xbrldt="http://xbrl.org/2005/xbrldt"><link:labelLink xlink:type="extended" xlink:role="http://www.xbrl.org/2003/role/link"><link:loc xlink:type="locator" xlink:href="http://xbrl.ifrs.org/taxonomy/2020-03-16/full_ifrs/full_ifrs-cor_2020-03-16.xsd#ifrs-full_GrossProfit" xlink:label="GrossProfit" xlink:title="GrossProfit"/><link:label xlink:type="resource" xlink:label="label_GrossProfit" xlink:role="http://www.xbrl.org/2003/role/totalLabel" xlink:title="GrossProfit_Label" xml:lang="en">Gross profit</link:label><link:labelArc xlink:type="arc" xlink:arcrole="http://www.xbrl.org/2003/arcrole/concept-label" xlink:from="GrossProfit" xlink:to="label_GrossProfit" xlink:title="Label: GrossProfit to label_GrossProfit"/><link:loc xlink:type="locator" xlink:href="HLUNDBECK-2021-12-31.xsd#HLU_SellingExpenseAndDistributionCosts" xlink:label="SellingExpenseAndDistributionCosts" xlink:title="SellingExpenseAndDistributionCosts"/><link:label xlink:type="resource" xlink:label="label_SellingExpenseAndDistributionCosts" xlink:role="http://www.xbrl.org/2003/role/label" xlink:title="SellingExpenseAndDistributionCosts_Label" xml:lang="en">Selling expense and distribution costs</link:label><link:labelArc xlink:type="arc" xlink:arcrole="http://www.xbrl.org/2003/arcrole/concept-label" xlink:from="SellingExpenseAndDistributionCosts" xlink:to="label_SellingExpenseAndDistributionCosts" xlink:title="Label: SellingExpenseAndDistributionCosts to label_SellingExpenseAndDistributionCosts"/><link:loc xlink:type="locator" xlink:href="HLUNDBECK-2021-12-31.xsd#HLU_GainsLossesOnExchangeDifferencesOnTranslationOfForeignOperationsBeforeTax" xlink:label="GainsLossesOnExchangeDifferencesOnTranslationOfForeignOperationsBeforeTax" xlink:title="GainsLossesOnExchangeDifferencesOnTranslationOfForeignOperationsBeforeTax"/><link:label xlink:type="resource" xlink:label="label_GainsLossesOnExchangeDifferencesOnTranslationOfForeignOperationsBeforeTax" xlink:role="http://www.xbrl.org/2003/role/label" xlink:title="GainsLossesOnExchangeDifferencesOnTranslationOfForeignOperationsBeforeTax_Label" xml:lang="en">Gains (losses) on exchange differences on translation of foreign operations, before tax</link:label><link:labelArc xlink:type="arc" xlink:arcrole="http://www.xbrl.org/2003/arcrole/concept-label" xlink:from="GainsLossesOnExchangeDifferencesOnTranslationOfForeignOperationsBeforeTax" xlink:to="label_GainsLossesOnExchangeDifferencesOnTranslationOfForeignOperationsBeforeTax" xlink:title="Label: GainsLossesOnExchangeDifferencesOnTranslationOfForeignOperationsBeforeTax to label_GainsLossesOnExchangeDifferencesOnTranslationOfForeignOperationsBeforeTax"/><link:loc xlink:type="locator" xlink:href="HLUNDBECK-2021-12-31.xsd#HLU_GainsLossesOnExchangeDifferencesOnAdditionsToNetInvestmentsInForeignOperationsBeforeTax" xlink:label="GainsLossesOnExchangeDifferencesOnAdditionsToNetInvestmentsInForeignOperationsBeforeTax" xlink:title="GainsLossesOnExchangeDifferencesOnAdditionsToNetInvestmentsInForeignOperationsBeforeTax"/><link:label xlink:type="resource" xlink:label="label_GainsLossesOnExchangeDifferencesOnAdditionsToNetInvestmentsInForeignOperationsBeforeTax" xlink:role="http://www.xbrl.org/2003/role/label" xlink:title="GainsLossesOnExchangeDifferencesOnAdditionsToNetInvestmentsInForeignOperationsBeforeTax_Label" xml:lang="en">Gains (losses) on exchange differences on additions to net investments in foreign operations, before tax</link:label><link:labelArc xlink:type="arc" xlink:arcrole="http://www.xbrl.org/2003/arcrole/concept-label" xlink:from="GainsLossesOnExchangeDifferencesOnAdditionsToNetInvestmentsInForeignOperationsBeforeTax" xlink:to="label_GainsLossesOnExchangeDifferencesOnAdditionsToNetInvestmentsInForeignOperationsBeforeTax" xlink:title="Label: GainsLossesOnExchangeDifferencesOnAdditionsToNetInvestmentsInForeignOperationsBeforeTax to label_GainsLossesOnExchangeDifferencesOnAdditionsToNetInvestmentsInForeignOperationsBeforeTax"/><link:loc xlink:type="locator" xlink:href="HLUNDBECK-2021-12-31.xsd#HLU_GainsLossesOnCashFlowHedgesBeforeTaxExchangeRate" xlink:label="GainsLossesOnCashFlowHedgesBeforeTaxExchangeRate" xlink:title="GainsLossesOnCashFlowHedgesBeforeTaxExchangeRate"/><link:label xlink:type="resource" xlink:label="label_GainsLossesOnCashFlowHedgesBeforeTaxExchangeRate" xlink:role="http://www.xbrl.org/2003/role/label" xlink:title="GainsLossesOnCashFlowHedgesBeforeTaxExchangeRate_Label" xml:lang="en">Gains (losses) on cash flow hedges, before tax, exchange rate</link:label><link:labelArc xlink:type="arc" xlink:arcrole="http://www.xbrl.org/2003/arcrole/concept-label" xlink:from="GainsLossesOnCashFlowHedgesBeforeTaxExchangeRate" xlink:to="label_GainsLossesOnCashFlowHedgesBeforeTaxExchangeRate" xlink:title="Label: GainsLossesOnCashFlowHedgesBeforeTaxExchangeRate to label_GainsLossesOnCashFlowHedgesBeforeTaxExchangeRate"/><link:loc xlink:type="locator" xlink:href="HLUNDBECK-2021-12-31.xsd#HLU_GainsLossesOnCashFlowHedgesBeforeTaxInterestRate" xlink:label="GainsLossesOnCashFlowHedgesBeforeTaxInterestRate" xlink:title="GainsLossesOnCashFlowHedgesBeforeTaxInterestRate"/><link:label xlink:type="resource" xlink:label="label_GainsLossesOnCashFlowHedgesBeforeTaxInterestRate" xlink:role="http://www.xbrl.org/2003/role/label" xlink:title="GainsLossesOnCashFlowHedgesBeforeTaxInterestRate_Label" xml:lang="en">Gains (losses) on cash flow hedges, before tax, interest rate</link:label><link:labelArc xlink:type="arc" xlink:arcrole="http://www.xbrl.org/2003/arcrole/concept-label" xlink:from="GainsLossesOnCashFlowHedgesBeforeTaxInterestRate" xlink:to="label_GainsLossesOnCashFlowHedgesBeforeTaxInterestRate" xlink:title="Label: GainsLossesOnCashFlowHedgesBeforeTaxInterestRate to label_GainsLossesOnCashFlowHedgesBeforeTaxInterestRate"/><link:loc xlink:type="locator" xlink:href="HLUNDBECK-2021-12-31.xsd#HLU_ReclassificationAdjustmentsOnCashFlowHedgesBeforeTaxRevenue" xlink:label="ReclassificationAdjustmentsOnCashFlowHedgesBeforeTaxRevenue" xlink:title="ReclassificationAdjustmentsOnCashFlowHedgesBeforeTaxRevenue"/><link:label xlink:type="resource" xlink:label="label_ReclassificationAdjustmentsOnCashFlowHedgesBeforeTaxRevenue" xlink:role="http://www.xbrl.org/2003/role/label" xlink:title="ReclassificationAdjustmentsOnCashFlowHedgesBeforeTaxRevenue_Label" xml:lang="en">Reclassification adjustments on cash flow hedges, before tax, revenue</link:label><link:labelArc xlink:type="arc" xlink:arcrole="http://www.xbrl.org/2003/arcrole/concept-label" xlink:from="ReclassificationAdjustmentsOnCashFlowHedgesBeforeTaxRevenue" xlink:to="label_ReclassificationAdjustmentsOnCashFlowHedgesBeforeTaxRevenue" xlink:title="Label: ReclassificationAdjustmentsOnCashFlowHedgesBeforeTaxRevenue to label_ReclassificationAdjustmentsOnCashFlowHedgesBeforeTaxRevenue"/><link:loc xlink:type="locator" xlink:href="HLUNDBECK-2021-12-31.xsd#HLU_ProductRights" xlink:label="ProductRights" xlink:title="ProductRights"/><link:label xlink:type="resource" xlink:label="label_ProductRights" xlink:role="http://www.xbrl.org/2003/role/label" xlink:title="ProductRights_Label" xml:lang="en">Product rights</link:label><link:labelArc xlink:type="arc" xlink:arcrole="http://www.xbrl.org/2003/arcrole/concept-label" xlink:from="ProductRights" xlink:to="label_ProductRights" xlink:title="Label: ProductRights to label_ProductRights"/><link:loc xlink:type="locator" xlink:href="HLUNDBECK-2021-12-31.xsd#HLU_OtherRights" xlink:label="OtherRights" xlink:title="OtherRights"/><link:label xlink:type="resource" xlink:label="label_OtherRights" xlink:role="http://www.xbrl.org/2003/role/label" xlink:title="OtherRights_Label" xml:lang="en">Other rights</link:label><link:labelArc xlink:type="arc" xlink:arcrole="http://www.xbrl.org/2003/arcrole/concept-label" xlink:from="OtherRights" xlink:to="label_OtherRights" xlink:title="Label: OtherRights to label_OtherRights"/><link:loc xlink:type="locator" xlink:href="HLUNDBECK-2021-12-31.xsd#HLU_PlantAndMachinery" xlink:label="PlantAndMachinery" xlink:title="PlantAndMachinery"/><link:label xlink:type="resource" xlink:label="label_PlantAndMachinery" xlink:role="http://www.xbrl.org/2003/role/label" xlink:title="PlantAndMachinery_Label" xml:lang="en">Plant and machinery</link:label><link:labelArc xlink:type="arc" xlink:arcrole="http://www.xbrl.org/2003/arcrole/concept-label" xlink:from="PlantAndMachinery" xlink:to="label_PlantAndMachinery" xlink:title="Label: PlantAndMachinery to label_PlantAndMachinery"/><link:loc xlink:type="locator" xlink:href="HLUNDBECK-2021-12-31.xsd#HLU_ConstructionInProgressAndPrepaymentsForConstructionInProgress" xlink:label="ConstructionInProgressAndPrepaymentsForConstructionInProgress" xlink:title="ConstructionInProgressAndPrepaymentsForConstructionInProgress"/><link:label xlink:type="resource" xlink:label="label_ConstructionInProgressAndPrepaymentsForConstructionInProgress" xlink:role="http://www.xbrl.org/2003/role/label" xlink:title="ConstructionInProgressAndPrepaymentsForConstructionInProgress_Label" xml:lang="en">Construction in progress and prepayments for construction in progress</link:label><link:labelArc xlink:type="arc" xlink:arcrole="http://www.xbrl.org/2003/arcrole/concept-label" xlink:from="ConstructionInProgressAndPrepaymentsForConstructionInProgress" xlink:to="label_ConstructionInProgressAndPrepaymentsForConstructionInProgress" xlink:title="Label: ConstructionInProgressAndPrepaymentsForConstructionInProgress to label_ConstructionInProgressAndPrepaymentsForConstructionInProgress"/><link:loc xlink:type="locator" xlink:href="HLUNDBECK-2021-12-31.xsd#HLU_DividendsReceivedFromTreasuryShares" xlink:label="DividendsReceivedFromTreasuryShares" xlink:title="DividendsReceivedFromTreasuryShares"/><link:label xlink:type="resource" xlink:label="label_DividendsReceivedFromTreasuryShares" xlink:role="http://www.xbrl.org/2003/role/label" xlink:title="DividendsReceivedFromTreasuryShares_Label" xml:lang="en">Dividends received from treasury shares</link:label><link:labelArc xlink:type="arc" xlink:arcrole="http://www.xbrl.org/2003/arcrole/concept-label" xlink:from="DividendsReceivedFromTreasuryShares" xlink:to="label_DividendsReceivedFromTreasuryShares" xlink:title="Label: DividendsReceivedFromTreasuryShares to label_DividendsReceivedFromTreasuryShares"/><link:loc xlink:type="locator" xlink:href="http://xbrl.ifrs.org/taxonomy/2020-03-16/full_ifrs/full_ifrs-cor_2020-03-16.xsd#ifrs-full_IncreaseDecreaseThroughTransfersAndOtherChangesEquity" xlink:label="IncreaseDecreaseThroughTransfersAndOtherChangesEquity" xlink:title="IncreaseDecreaseThroughTransfersAndOtherChangesEquity"/><link:label xlink:type="resource" xlink:label="label_IncreaseDecreaseThroughTransfersAndOtherChangesEquity" xlink:role="http://www.xbrl.org/2003/role/totalLabel" xlink:title="IncreaseDecreaseThroughTransfersAndOtherChangesEquity_Label" xml:lang="en">Increase (decrease) through other changes, equity</link:label><link:labelArc xlink:type="arc" xlink:arcrole="http://www.xbrl.org/2003/arcrole/concept-label" xlink:from="IncreaseDecreaseThroughTransfersAndOtherChangesEquity" xlink:to="label_IncreaseDecreaseThroughTransfersAndOtherChangesEquity" xlink:title="Label: IncreaseDecreaseThroughTransfersAndOtherChangesEquity to label_IncreaseDecreaseThroughTransfersAndOtherChangesEquity"/><link:loc xlink:type="locator" xlink:href="http://xbrl.ifrs.org/taxonomy/2020-03-16/full_ifrs/full_ifrs-cor_2020-03-16.xsd#ifrs-full_CashFlowsFromUsedInOperations" xlink:label="CashFlowsFromUsedInOperations" xlink:title="CashFlowsFromUsedInOperations"/><link:label xlink:type="resource" xlink:label="label_CashFlowsFromUsedInOperations" xlink:role="http://www.xbrl.org/2003/role/totalLabel" xlink:title="CashFlowsFromUsedInOperations_Label" xml:lang="en">Cash flows from (used in) operations</link:label><link:labelArc xlink:type="arc" xlink:arcrole="http://www.xbrl.org/2003/arcrole/concept-label" xlink:from="CashFlowsFromUsedInOperations" xlink:to="label_CashFlowsFromUsedInOperations" xlink:title="Label: CashFlowsFromUsedInOperations to label_CashFlowsFromUsedInOperations"/><link:loc xlink:type="locator" xlink:href="HLUNDBECK-2021-12-31.xsd#HLU_CashFlowsFromUsedInOperatingActivitiesBeforeTax" xlink:label="CashFlowsFromUsedInOperatingActivitiesBeforeTax" xlink:title="CashFlowsFromUsedInOperatingActivitiesBeforeTax"/><link:label xlink:type="resource" xlink:label="label_CashFlowsFromUsedInOperatingActivitiesBeforeTax" xlink:role="http://www.xbrl.org/2003/role/label" xlink:title="CashFlowsFromUsedInOperatingActivitiesBeforeTax_Label" xml:lang="en">Cash flows from (used in) operating activities before tax</link:label><link:labelArc xlink:type="arc" xlink:arcrole="http://www.xbrl.org/2003/arcrole/concept-label" xlink:from="CashFlowsFromUsedInOperatingActivitiesBeforeTax" xlink:to="label_CashFlowsFromUsedInOperatingActivitiesBeforeTax" xlink:title="Label: CashFlowsFromUsedInOperatingActivitiesBeforeTax to label_CashFlowsFromUsedInOperatingActivitiesBeforeTax"/><link:loc xlink:type="locator" xlink:href="HLUNDBECK-2021-12-31.xsd#HLU_CashFlowsFromUsedInOperatingActivitiesBeforeTax" xlink:label="CashFlowsFromUsedInOperatingActivitiesBeforeTax_2" xlink:title="CashFlowsFromUsedInOperatingActivitiesBeforeTax_2"/><link:label xlink:type="resource" xlink:label="label_CashFlowsFromUsedInOperatingActivitiesBeforeTax_2" xlink:role="http://www.xbrl.org/2003/role/totalLabel" xlink:title="CashFlowsFromUsedInOperatingActivitiesBeforeTax_2_Label" xml:lang="en">Cash flows from (used in) operating activities before tax</link:label><link:labelArc xlink:type="arc" xlink:arcrole="http://www.xbrl.org/2003/arcrole/concept-label" xlink:from="CashFlowsFromUsedInOperatingActivitiesBeforeTax_2" xlink:to="label_CashFlowsFromUsedInOperatingActivitiesBeforeTax_2" xlink:title="Label: CashFlowsFromUsedInOperatingActivitiesBeforeTax_2 to label_CashFlowsFromUsedInOperatingActivitiesBeforeTax_2"/><link:loc xlink:type="locator" xlink:href="http://xbrl.ifrs.org/taxonomy/2020-03-16/full_ifrs/full_ifrs-cor_2020-03-16.xsd#ifrs-full_CashFlowsFromUsedInOperatingActivities" xlink:label="CashFlowsFromUsedInOperatingActivities" xlink:title="CashFlowsFromUsedInOperatingActivities"/><link:label xlink:type="resource" xlink:label="label_CashFlowsFromUsedInOperatingActivities" xlink:role="http://www.xbrl.org/2003/role/totalLabel" xlink:title="CashFlowsFromUsedInOperatingActivities_Label" xml:lang="en">Cash flows from (used in) operating activities</link:label><link:labelArc xlink:type="arc" xlink:arcrole="http://www.xbrl.org/2003/arcrole/concept-label" xlink:from="CashFlowsFromUsedInOperatingActivities" xlink:to="label_CashFlowsFromUsedInOperatingActivities" xlink:title="Label: CashFlowsFromUsedInOperatingActivities to label_CashFlowsFromUsedInOperatingActivities"/><link:loc xlink:type="locator" xlink:href="HLUNDBECK-2021-12-31.xsd#HLU_PurchaseOfOtherFinancialAssetsClassifiedAsInvestingActivities" xlink:label="PurchaseOfOtherFinancialAssetsClassifiedAsInvestingActivities" xlink:title="PurchaseOfOtherFinancialAssetsClassifiedAsInvestingActivities"/><link:label xlink:type="resource" xlink:label="label_PurchaseOfOtherFinancialAssetsClassifiedAsInvestingActivities" xlink:role="http://www.xbrl.org/2003/role/label" xlink:title="PurchaseOfOtherFinancialAssetsClassifiedAsInvestingActivities_Label" xml:lang="en">Purchase of other financial assets, classified as investing activities</link:label><link:labelArc xlink:type="arc" xlink:arcrole="http://www.xbrl.org/2003/arcrole/concept-label" xlink:from="PurchaseOfOtherFinancialAssetsClassifiedAsInvestingActivities" xlink:to="label_PurchaseOfOtherFinancialAssetsClassifiedAsInvestingActivities" xlink:title="Label: PurchaseOfOtherFinancialAssetsClassifiedAsInvestingActivities to label_PurchaseOfOtherFinancialAssetsClassifiedAsInvestingActivities"/><link:loc xlink:type="locator" xlink:href="HLUNDBECK-2021-12-31.xsd#HLU_ProceedsFromSalesOfOtherFinancialAssetsClassifiedAsInvestingActivities" xlink:label="ProceedsFromSalesOfOtherFinancialAssetsClassifiedAsInvestingActivities" xlink:title="ProceedsFromSalesOfOtherFinancialAssetsClassifiedAsInvestingActivities"/><link:label xlink:type="resource" xlink:label="label_ProceedsFromSalesOfOtherFinancialAssetsClassifiedAsInvestingActivities" xlink:role="http://www.xbrl.org/2003/role/label" xlink:title="ProceedsFromSalesOfOtherFinancialAssetsClassifiedAsInvestingActivities_Label" xml:lang="en">Proceeds from sales of other financial assets, classified as investing activities</link:label><link:labelArc xlink:type="arc" xlink:arcrole="http://www.xbrl.org/2003/arcrole/concept-label" xlink:from="ProceedsFromSalesOfOtherFinancialAssetsClassifiedAsInvestingActivities" xlink:to="label_ProceedsFromSalesOfOtherFinancialAssetsClassifiedAsInvestingActivities" xlink:title="Label: ProceedsFromSalesOfOtherFinancialAssetsClassifiedAsInvestingActivities to label_ProceedsFromSalesOfOtherFinancialAssetsClassifiedAsInvestingActivities"/><link:loc xlink:type="locator" xlink:href="http://xbrl.ifrs.org/taxonomy/2020-03-16/full_ifrs/full_ifrs-cor_2020-03-16.xsd#ifrs-full_CashFlowsFromUsedInInvestingActivities" xlink:label="CashFlowsFromUsedInInvestingActivities" xlink:title="CashFlowsFromUsedInInvestingActivities"/><link:label xlink:type="resource" xlink:label="label_CashFlowsFromUsedInInvestingActivities" xlink:role="http://www.xbrl.org/2003/role/totalLabel" xlink:title="CashFlowsFromUsedInInvestingActivities_Label" xml:lang="en">Cash flows from (used in) investing activities</link:label><link:labelArc xlink:type="arc" xlink:arcrole="http://www.xbrl.org/2003/arcrole/concept-label" xlink:from="CashFlowsFromUsedInInvestingActivities" xlink:to="label_CashFlowsFromUsedInInvestingActivities" xlink:title="Label: CashFlowsFromUsedInInvestingActivities to label_CashFlowsFromUsedInInvestingActivities"/><link:loc xlink:type="locator" xlink:href="HLUNDBECK-2021-12-31.xsd#HLU_CashFlowsFromUsedInOperatingAndInvestingActivities" xlink:label="CashFlowsFromUsedInOperatingAndInvestingActivities" xlink:title="CashFlowsFromUsedInOperatingAndInvestingActivities"/><link:label xlink:type="resource" xlink:label="label_CashFlowsFromUsedInOperatingAndInvestingActivities" xlink:role="http://www.xbrl.org/2003/role/label" xlink:title="CashFlowsFromUsedInOperatingAndInvestingActivities_Label" xml:lang="en">Cash flows from (used in) operating and investing activities</link:label><link:labelArc xlink:type="arc" xlink:arcrole="http://www.xbrl.org/2003/arcrole/concept-label" xlink:from="CashFlowsFromUsedInOperatingAndInvestingActivities" xlink:to="label_CashFlowsFromUsedInOperatingAndInvestingActivities" xlink:title="Label: CashFlowsFromUsedInOperatingAndInvestingActivities to label_CashFlowsFromUsedInOperatingAndInvestingActivities"/><link:loc xlink:type="locator" xlink:href="HLUNDBECK-2021-12-31.xsd#HLU_CashFlowsFromUsedInOperatingAndInvestingActivities" xlink:label="CashFlowsFromUsedInOperatingAndInvestingActivities_2" xlink:title="CashFlowsFromUsedInOperatingAndInvestingActivities_2"/><link:label xlink:type="resource" xlink:label="label_CashFlowsFromUsedInOperatingAndInvestingActivities_2" xlink:role="http://www.xbrl.org/2003/role/totalLabel" xlink:title="CashFlowsFromUsedInOperatingAndInvestingActivities_2_Label" xml:lang="en">Cash flows from (used in) operating and investing activities</link:label><link:labelArc xlink:type="arc" xlink:arcrole="http://www.xbrl.org/2003/arcrole/concept-label" xlink:from="CashFlowsFromUsedInOperatingAndInvestingActivities_2" xlink:to="label_CashFlowsFromUsedInOperatingAndInvestingActivities_2" xlink:title="Label: CashFlowsFromUsedInOperatingAndInvestingActivities_2 to label_CashFlowsFromUsedInOperatingAndInvestingActivities_2"/><link:loc xlink:type="locator" xlink:href="HLUNDBECK-2021-12-31.xsd#HLU_ProceedsFromExerciseOfWarrantsClassifiedAsFinancingActivities" xlink:label="ProceedsFromExerciseOfWarrantsClassifiedAsFinancingActivities" xlink:title="ProceedsFromExerciseOfWarrantsClassifiedAsFinancingActivities"/><link:label xlink:type="resource" xlink:label="label_ProceedsFromExerciseOfWarrantsClassifiedAsFinancingActivities" xlink:role="http://www.xbrl.org/2003/role/label" xlink:title="ProceedsFromExerciseOfWarrantsClassifiedAsFinancingActivities_Label" xml:lang="en">Proceeds from exercise of warrants, classified as financing activities</link:label><link:labelArc xlink:type="arc" xlink:arcrole="http://www.xbrl.org/2003/arcrole/concept-label" xlink:from="ProceedsFromExerciseOfWarrantsClassifiedAsFinancingActivities" xlink:to="label_ProceedsFromExerciseOfWarrantsClassifiedAsFinancingActivities" xlink:title="Label: ProceedsFromExerciseOfWarrantsClassifiedAsFinancingActivities to label_ProceedsFromExerciseOfWarrantsClassifiedAsFinancingActivities"/><link:loc xlink:type="locator" xlink:href="http://xbrl.ifrs.org/taxonomy/2020-03-16/full_ifrs/full_ifrs-cor_2020-03-16.xsd#ifrs-full_CashFlowsFromUsedInFinancingActivities" xlink:label="CashFlowsFromUsedInFinancingActivities" xlink:title="CashFlowsFromUsedInFinancingActivities"/><link:label xlink:type="resource" xlink:label="label_CashFlowsFromUsedInFinancingActivities" xlink:role="http://www.xbrl.org/2003/role/totalLabel" xlink:title="CashFlowsFromUsedInFinancingActivities_Label" xml:lang="en">Cash flows from (used in) financing activities</link:label><link:labelArc xlink:type="arc" xlink:arcrole="http://www.xbrl.org/2003/arcrole/concept-label" xlink:from="CashFlowsFromUsedInFinancingActivities" xlink:to="label_CashFlowsFromUsedInFinancingActivities" xlink:title="Label: CashFlowsFromUsedInFinancingActivities to label_CashFlowsFromUsedInFinancingActivities"/><link:loc xlink:type="locator" xlink:href="http://xbrl.ifrs.org/taxonomy/2020-03-16/full_ifrs/full_ifrs-cor_2020-03-16.xsd#ifrs-full_IncreaseDecreaseInCashAndCashEquivalentsBeforeEffectOfExchangeRateChanges" xlink:label="IncreaseDecreaseInCashAndCashEquivalentsBeforeEffectOfExchangeRateChanges" xlink:title="IncreaseDecreaseInCashAndCashEquivalentsBeforeEffectOfExchangeRateChanges"/><link:label xlink:type="resource" xlink:label="label_IncreaseDecreaseInCashAndCashEquivalentsBeforeEffectOfExchangeRateChanges" xlink:role="http://www.xbrl.org/2003/role/totalLabel" xlink:title="IncreaseDecreaseInCashAndCashEquivalentsBeforeEffectOfExchangeRateChanges_Label" xml:lang="en">Increase (decrease) in cash and cash equivalents before effect of exchange rate changes</link:label><link:labelArc xlink:type="arc" xlink:arcrole="http://www.xbrl.org/2003/arcrole/concept-label" xlink:from="IncreaseDecreaseInCashAndCashEquivalentsBeforeEffectOfExchangeRateChanges" xlink:to="label_IncreaseDecreaseInCashAndCashEquivalentsBeforeEffectOfExchangeRateChanges" xlink:title="Label: IncreaseDecreaseInCashAndCashEquivalentsBeforeEffectOfExchangeRateChanges to label_IncreaseDecreaseInCashAndCashEquivalentsBeforeEffectOfExchangeRateChanges"/></link:labelLink></link:linkbase>