<?xml version="1.0" encoding="UTF-8"?>
                <tp:taxonomyPackage xml:lang="en" xmlns:tp="http://xbrl.org/2016/taxonomy-package" xmlns:xsi="http://www.w3.org/2001/XMLSchema-instance" xsi:schemaLocation="http://xbrl.org/2016/taxonomy-package http://www.xbrl.org/2016/taxonomy-package.xsd">
	                <tp:identifier>http://xbrl.lundbeck.com/2021-12-31/HLUNDBECK-2021-12-31</tp:identifier>
	                <tp:name>HLUNDBECK-2021-12-31</tp:name>
	                <tp:description>Taxonomy extension</tp:description>
	                <tp:version>Final</tp:version>
	                <tp:publisher>H. Lundbeck A/S</tp:publisher>
	                <tp:publisherURL>www.lundbeck.com</tp:publisherURL>
	                <tp:publisherCountry>DK</tp:publisherCountry>
	                <tp:publicationDate>2022-02-08</tp:publicationDate>  
	                <tp:entryPoints>
		                <tp:entryPoint>
			                <tp:name>HLUNDBECK-2021-12-31</tp:name>
			                <tp:description>Entry point to be used to load Custom Taxonomy</tp:description><tp:entryPointDocument href="http://xbrl.lundbeck.com/2021-12-31/HLUNDBECK-2021-12-31.xsd"/><tp:languages><tp:language>en</tp:language></tp:languages>
	                    </tp:entryPoint>	
                    </tp:entryPoints>	
                    </tp:taxonomyPackage>